timestamp,model,run_index,week,basic_profit,llm_profit,basic_avg_price,llm_avg_price,basic_avg_stock,llm_avg_stock
20251225_150308,xiaomi/mimo-v2-flash:free,1,1,-25.00,-16.25,1.62,1.62,24.00,21.50
20251225_150308,xiaomi/mimo-v2-flash:free,1,2,6.50,13.85,1.62,1.69,21.50,22.50
20251225_150308,xiaomi/mimo-v2-flash:free,1,3,39.30,50.85,1.62,1.75,20.25,21.50
20251225_150308,xiaomi/mimo-v2-flash:free,1,4,79.85,87.90,1.62,1.81,21.50,23.00
20251225_150308,xiaomi/mimo-v2-flash:free,1,5,89.30,125.40,1.62,1.88,24.25,22.50
20251225_150308,xiaomi/mimo-v2-flash:free,1,6,120.45,178.20,1.62,1.93,23.50,21.25
20251225_150308,xiaomi/mimo-v2-flash:free,1,7,153.60,236.60,1.62,1.74,21.00,19.75
20251225_150308,xiaomi/mimo-v2-flash:free,1,8,195.70,268.20,1.62,1.71,19.75,20.75
20251225_150308,xiaomi/mimo-v2-flash:free,1,9,232.70,306.05,1.62,1.74,20.75,21.00
20251225_150308,xiaomi/mimo-v2-flash:free,1,10,248.20,348.25,1.62,1.71,22.50,20.25
20251225_150308,xiaomi/mimo-v2-flash:free,1,11,272.55,387.70,1.62,1.74,24.50,21.75
20251225_150308,xiaomi/mimo-v2-flash:free,1,12,328.70,420.20,1.62,1.74,18.50,22.50
20251225_150308,xiaomi/mimo-v2-flash:free,1,13,350.45,436.85,1.62,1.69,20.25,25.25
20251225_150308,xiaomi/mimo-v2-flash:free,1,14,380.15,447.52,1.62,1.81,22.00,27.00
20251225_150308,xiaomi/mimo-v2-flash:free,1,15,397.45,488.72,1.62,2.00,22.50,24.00
20251225_150308,xiaomi/mimo-v2-flash:free,1,16,435.75,539.97,1.62,1.88,21.00,21.50
20251225_150308,xiaomi/mimo-v2-flash:free,1,17,459.25,589.37,1.62,1.94,23.50,22.00
20251225_150308,xiaomi/mimo-v2-flash:free,1,18,495.20,617.82,1.62,1.94,21.25,23.00
20251225_150308,xiaomi/mimo-v2-flash:free,1,19,499.30,653.22,1.62,2.00,25.25,25.00
20251225_150308,xiaomi/mimo-v2-flash:free,1,20,516.55,699.62,1.62,2.00,24.75,23.50
20251225_150308,xiaomi/mimo-v2-flash:free,1,21,563.95,725.52,1.62,2.04,20.75,25.75
20251225_150308,xiaomi/mimo-v2-flash:free,1,22,581.10,772.72,1.62,1.98,24.00,23.75
20251225_150308,xiaomi/mimo-v2-flash:free,1,23,615.30,839.37,1.62,2.00,22.75,19.75
20251225_150308,xiaomi/mimo-v2-flash:free,1,24,638.55,915.17,1.62,2.02,23.25,19.25
20251225_150308,xiaomi/mimo-v2-flash:free,1,25,670.40,963.62,1.62,2.00,21.50,22.25
20251225_150308,xiaomi/mimo-v2-flash:free,1,26,682.95,1024.27,1.62,1.75,24.75,19.00
20251225_150308,xiaomi/mimo-v2-flash:free,1,27,718.70,1083.67,1.62,1.75,21.75,18.00
20251225_150308,xiaomi/mimo-v2-flash:free,1,28,739.05,1111.02,1.62,1.81,24.75,22.25
20251225_150308,xiaomi/mimo-v2-flash:free,1,29,767.25,1133.32,1.62,1.75,23.00,25.00
20251225_150308,xiaomi/mimo-v2-flash:free,1,30,779.40,1181.57,1.62,1.62,24.50,21.25
20251225_150308,xiaomi/mimo-v2-flash:free,1,31,818.40,1205.37,1.62,1.88,22.25,24.00
20251225_150308,xiaomi/mimo-v2-flash:free,1,32,848.15,1254.62,1.62,1.75,21.25,21.50
20251225_150308,xiaomi/mimo-v2-flash:free,1,33,880.05,1289.52,1.62,1.74,21.25,23.00
20251225_150308,xiaomi/mimo-v2-flash:free,1,34,918.95,1330.47,1.62,1.79,20.50,22.50
20251225_150308,xiaomi/mimo-v2-flash:free,1,35,935.20,1349.77,1.62,1.77,24.00,23.75
20251225_150308,xiaomi/mimo-v2-flash:free,1,36,987.15,1381.87,1.62,1.70,19.50,23.00
20251225_150308,xiaomi/mimo-v2-flash:free,1,37,1020.95,1402.97,1.62,1.73,20.00,24.25
20251225_150308,xiaomi/mimo-v2-flash:free,1,38,1042.20,1462.02,1.62,1.75,23.25,20.25
20251225_150308,xiaomi/mimo-v2-flash:free,1,39,1056.25,1506.47,1.62,1.73,23.75,20.00
20251225_150308,xiaomi/mimo-v2-flash:free,1,40,1101.65,1531.02,1.62,1.66,20.75,22.75
20251225_150308,xiaomi/mimo-v2-flash:free,1,41,1120.10,1553.17,1.62,1.76,23.00,24.25
20251225_150308,xiaomi/mimo-v2-flash:free,1,42,1151.20,1575.87,1.62,1.76,22.75,24.75
20251225_150308,xiaomi/mimo-v2-flash:free,1,43,1183.25,1598.57,1.62,1.75,22.75,24.75
20251225_150308,xiaomi/mimo-v2-flash:free,1,44,1206.70,1623.48,1.62,1.75,21.50,24.75
20251225_150308,xiaomi/mimo-v2-flash:free,1,45,1217.75,1648.54,1.62,1.74,24.00,24.75
20251225_150308,xiaomi/mimo-v2-flash:free,1,46,1255.10,1698.81,1.62,1.68,22.75,19.75
20251225_150308,xiaomi/mimo-v2-flash:free,1,47,1278.25,1733.25,1.62,1.67,23.00,21.00
20251225_150308,xiaomi/mimo-v2-flash:free,1,48,1316.35,1763.11,1.62,1.67,20.75,22.50
20251225_150308,xiaomi/mimo-v2-flash:free,1,49,1344.05,1801.47,1.62,1.67,21.75,20.50
20251225_150308,xiaomi/mimo-v2-flash:free,1,50,1360.10,1808.13,1.62,1.67,24.50,23.75
20251225_150308,xiaomi/mimo-v2-flash:free,1,51,1414.30,1842.22,1.62,1.67,19.00,23.00
20251225_150308,xiaomi/mimo-v2-flash:free,1,52,1445.30,1881.85,1.62,1.68,20.00,21.75
20251225_150950,xiaomi/mimo-v2-flash:free,2,1,-16.75,-15.75,1.62,1.62,22.25,22.50
20251225_150950,xiaomi/mimo-v2-flash:free,2,2,24.85,-9.15,1.62,1.32,19.75,23.50
20251225_150950,xiaomi/mimo-v2-flash:free,2,3,44.65,26.50,1.62,1.41,22.50,18.75
20251225_150950,xiaomi/mimo-v2-flash:free,2,4,72.20,41.40,1.62,1.41,22.50,22.25
20251225_150950,xiaomi/mimo-v2-flash:free,2,5,98.30,62.80,1.62,1.50,21.50,22.00
20251225_150950,xiaomi/mimo-v2-flash:free,2,6,130.30,83.50,1.62,1.52,23.25,23.75
20251225_150950,xiaomi/mimo-v2-flash:free,2,7,158.20,109.05,1.62,1.55,22.25,22.50
20251225_150950,xiaomi/mimo-v2-flash:free,2,8,194.65,149.25,1.62,1.54,21.25,19.00
20251225_150950,xiaomi/mimo-v2-flash:free,2,9,200.95,160.65,1.62,1.54,25.00,22.75
20251225_150950,xiaomi/mimo-v2-flash:free,2,10,240.90,183.95,1.62,1.55,22.25,23.50
20251225_150950,xiaomi/mimo-v2-flash:free,2,11,243.45,195.50,1.62,1.69,26.25,25.50
20251225_150950,xiaomi/mimo-v2-flash:free,2,12,273.60,230.00,1.62,1.62,23.50,22.50
20251225_150950,xiaomi/mimo-v2-flash:free,2,13,295.15,274.00,1.62,1.64,24.25,21.00
20251225_150950,xiaomi/mimo-v2-flash:free,2,14,324.70,307.15,1.62,1.65,22.75,20.75
20251225_150950,xiaomi/mimo-v2-flash:free,2,15,384.60,321.65,1.62,1.64,18.25,24.50
20251225_150950,xiaomi/mimo-v2-flash:free,2,16,408.95,353.40,1.62,1.64,23.00,23.50
20251225_150950,xiaomi/mimo-v2-flash:free,2,17,428.10,376.95,1.62,1.89,23.00,24.50
20251225_150950,xiaomi/mimo-v2-flash:free,2,18,482.00,419.57,1.62,1.85,18.25,22.25
20251225_150950,xiaomi/mimo-v2-flash:free,2,19,500.65,446.72,1.62,1.85,23.25,24.50
20251225_150950,xiaomi/mimo-v2-flash:free,2,20,525.00,474.82,1.62,1.91,22.25,25.00
20251225_150950,xiaomi/mimo-v2-flash:free,2,21,553.80,511.35,1.62,1.85,23.50,23.00
20251225_150950,xiaomi/mimo-v2-flash:free,2,22,577.85,504.69,1.62,1.69,23.50,27.25
20251225_150950,xiaomi/mimo-v2-flash:free,2,23,611.25,526.30,1.62,1.66,22.75,25.25
20251225_150950,xiaomi/mimo-v2-flash:free,2,24,645.05,558.19,1.62,1.60,20.75,22.50
20251225_150950,xiaomi/mimo-v2-flash:free,2,25,663.00,566.39,1.62,1.62,23.50,25.00
20251225_150950,xiaomi/mimo-v2-flash:free,2,26,687.45,614.89,1.62,1.88,23.00,22.50
20251225_150950,xiaomi/mimo-v2-flash:free,2,27,717.55,651.84,1.62,1.62,22.25,21.75
20251225_150950,xiaomi/mimo-v2-flash:free,2,28,733.50,675.29,1.62,1.69,25.25,23.25
20251225_150950,xiaomi/mimo-v2-flash:free,2,29,770.40,722.69,1.62,1.69,20.00,21.50
20251225_150950,xiaomi/mimo-v2-flash:free,2,30,795.90,752.99,1.62,1.74,24.00,21.50
20251225_150950,xiaomi/mimo-v2-flash:free,2,31,816.45,789.64,1.62,1.74,22.50,22.00
20251225_150950,xiaomi/mimo-v2-flash:free,2,32,842.20,809.39,1.62,1.71,23.50,23.75
20251225_150950,xiaomi/mimo-v2-flash:free,2,33,868.30,862.59,1.62,1.77,23.25,21.50
20251225_150950,xiaomi/mimo-v2-flash:free,2,34,889.75,903.49,1.62,1.70,23.75,20.25
20251225_150950,xiaomi/mimo-v2-flash:free,2,35,920.15,929.99,1.62,1.73,22.75,23.00
20251225_150950,xiaomi/mimo-v2-flash:free,2,36,919.65,965.84,1.62,1.75,26.75,22.50
20251225_150950,xiaomi/mimo-v2-flash:free,2,37,967.45,1013.44,1.62,1.68,21.50,21.25
20251225_150950,xiaomi/mimo-v2-flash:free,2,38,1010.70,1041.39,1.62,1.69,19.75,21.75
20251225_150950,xiaomi/mimo-v2-flash:free,2,39,1023.00,1059.39,1.62,1.69,22.50,24.25
20251225_150950,xiaomi/mimo-v2-flash:free,2,40,1053.20,1092.59,1.62,1.67,22.00,23.25
20251225_150950,xiaomi/mimo-v2-flash:free,2,41,1080.55,1110.39,1.62,1.62,23.50,24.00
20251225_150950,xiaomi/mimo-v2-flash:free,2,42,1109.65,1153.84,1.62,1.69,22.75,21.75
20251225_150950,xiaomi/mimo-v2-flash:free,2,43,1131.20,1184.09,1.62,1.62,23.75,20.25
20251225_150950,xiaomi/mimo-v2-flash:free,2,44,1153.95,1209.34,1.62,1.69,24.50,22.00
20251225_150950,xiaomi/mimo-v2-flash:free,2,45,1164.65,1251.39,1.62,1.75,25.25,21.75
20251225_150950,xiaomi/mimo-v2-flash:free,2,46,1189.65,1290.79,1.62,1.77,24.50,22.00
20251225_150950,xiaomi/mimo-v2-flash:free,2,47,1235.70,1338.59,1.62,1.77,21.50,21.50
20251225_150950,xiaomi/mimo-v2-flash:free,2,48,1256.85,1355.14,1.62,1.85,23.00,24.00
20251225_150950,xiaomi/mimo-v2-flash:free,2,49,1277.00,1390.39,1.62,1.79,23.25,21.75
20251225_150950,xiaomi/mimo-v2-flash:free,2,50,1304.00,1452.49,1.62,1.79,24.00,18.75
20251225_150950,xiaomi/mimo-v2-flash:free,2,51,1346.55,1465.61,1.62,1.66,19.50,23.00
20251225_150950,xiaomi/mimo-v2-flash:free,2,52,1346.70,1490.16,1.62,1.67,26.00,24.00
20251225_151603,xiaomi/mimo-v2-flash:free,3,1,-20.75,-16.50,1.62,1.62,22.75,22.75
20251225_151603,xiaomi/mimo-v2-flash:free,3,2,3.75,2.45,1.62,1.69,23.25,23.75
20251225_151603,xiaomi/mimo-v2-flash:free,3,3,27.65,31.45,1.62,1.62,23.00,22.50
20251225_151603,xiaomi/mimo-v2-flash:free,3,4,45.65,73.80,1.62,1.65,24.00,21.50
20251225_151603,xiaomi/mimo-v2-flash:free,3,5,57.45,92.75,1.62,1.68,25.75,23.00
20251225_151603,xiaomi/mimo-v2-flash:free,3,6,79.65,134.70,1.62,1.75,24.00,22.25
20251225_151603,xiaomi/mimo-v2-flash:free,3,7,111.85,155.30,1.62,1.75,21.00,24.25
20251225_151603,xiaomi/mimo-v2-flash:free,3,8,153.65,178.70,1.62,1.73,20.50,24.25
20251225_151603,xiaomi/mimo-v2-flash:free,3,9,180.20,228.75,1.62,1.73,22.75,20.25
20251225_151603,xiaomi/mimo-v2-flash:free,3,10,184.90,256.55,1.62,1.75,24.75,23.00
20251225_151603,xiaomi/mimo-v2-flash:free,3,11,219.00,295.50,1.62,1.80,22.25,22.25
20251225_151603,xiaomi/mimo-v2-flash:free,3,12,246.95,343.30,1.62,1.75,22.25,20.50
20251225_151603,xiaomi/mimo-v2-flash:free,3,13,255.35,384.60,1.62,1.69,25.25,21.50
20251225_151603,xiaomi/mimo-v2-flash:free,3,14,296.90,409.55,1.62,1.69,21.75,22.25
20251225_151603,xiaomi/mimo-v2-flash:free,3,15,313.80,427.85,1.62,1.75,24.00,25.50
20251225_151603,xiaomi/mimo-v2-flash:free,3,16,330.50,456.25,1.62,1.75,24.25,23.75
20251225_151603,xiaomi/mimo-v2-flash:free,3,17,361.70,521.15,1.62,1.75,22.00,20.00
20251225_151603,xiaomi/mimo-v2-flash:free,3,18,390.60,566.70,1.62,1.75,22.00,19.00
20251225_151603,xiaomi/mimo-v2-flash:free,3,19,413.55,596.20,1.62,1.62,21.75,21.25
20251225_151603,xiaomi/mimo-v2-flash:free,3,20,433.50,652.95,1.62,1.69,23.50,19.00
20251225_151603,xiaomi/mimo-v2-flash:free,3,21,482.10,672.15,1.62,1.62,20.50,22.25
20251225_151603,xiaomi/mimo-v2-flash:free,3,22,509.60,692.07,1.62,1.62,21.75,24.50
20251225_151603,xiaomi/mimo-v2-flash:free,3,23,523.55,721.77,1.62,1.62,24.25,22.00
20251225_151603,xiaomi/mimo-v2-flash:free,3,24,544.10,738.30,1.62,1.62,24.50,23.50
20251225_151603,xiaomi/mimo-v2-flash:free,3,25,579.20,777.15,1.62,1.70,21.50,22.25
20251225_151603,xiaomi/mimo-v2-flash:free,3,26,603.60,808.80,1.62,1.70,22.25,21.50
20251225_151603,xiaomi/mimo-v2-flash:free,3,27,638.65,838.80,1.62,1.68,21.00,22.75
20251225_151603,xiaomi/mimo-v2-flash:free,3,28,667.25,878.65,1.62,1.66,22.00,21.00
20251225_151603,xiaomi/mimo-v2-flash:free,3,29,681.85,887.58,1.62,1.65,24.25,25.50
20251225_151603,xiaomi/mimo-v2-flash:free,3,30,720.80,935.98,1.62,1.65,21.00,20.75
20251225_151603,xiaomi/mimo-v2-flash:free,3,31,737.35,946.74,1.62,1.67,22.75,25.00
20251225_151603,xiaomi/mimo-v2-flash:free,3,32,764.85,999.39,1.62,1.67,22.00,19.75
20251225_151603,xiaomi/mimo-v2-flash:free,3,33,777.65,1027.74,1.62,1.67,25.50,21.75
20251225_151603,xiaomi/mimo-v2-flash:free,3,34,817.60,1053.34,1.62,1.67,22.50,23.25
20251225_151603,xiaomi/mimo-v2-flash:free,3,35,849.40,1076.57,1.62,1.66,22.00,24.00
20251225_151603,xiaomi/mimo-v2-flash:free,3,36,884.85,1106.63,1.62,1.66,21.00,22.50
20251225_151603,xiaomi/mimo-v2-flash:free,3,37,900.90,1140.18,1.62,1.66,24.00,22.00
20251225_151603,xiaomi/mimo-v2-flash:free,3,38,955.05,1174.88,1.62,1.66,19.75,21.25
20251225_151603,xiaomi/mimo-v2-flash:free,3,39,988.00,1204.63,1.62,1.75,20.75,23.00
20251225_151603,xiaomi/mimo-v2-flash:free,3,40,1008.00,1231.18,1.62,1.69,24.00,23.50
20251225_151603,xiaomi/mimo-v2-flash:free,3,41,1034.20,1275.63,1.62,1.66,23.50,20.25
20251225_151603,xiaomi/mimo-v2-flash:free,3,42,1032.80,1313.18,1.62,1.68,27.50,22.00
20251225_151603,xiaomi/mimo-v2-flash:free,3,43,1069.60,1362.68,1.62,1.68,22.75,18.25
20251225_151603,xiaomi/mimo-v2-flash:free,3,44,1088.95,1387.33,1.62,1.68,23.75,22.00
20251225_151603,xiaomi/mimo-v2-flash:free,3,45,1136.45,1418.18,1.62,1.70,20.75,23.00
20251225_151603,xiaomi/mimo-v2-flash:free,3,46,1149.25,1460.88,1.62,1.70,23.25,21.25
20251225_151603,xiaomi/mimo-v2-flash:free,3,47,1154.35,1478.33,1.62,1.70,24.50,24.75
20251225_151603,xiaomi/mimo-v2-flash:free,3,48,1181.25,1522.63,1.62,1.62,24.00,21.00
20251225_151603,xiaomi/mimo-v2-flash:free,3,49,1233.95,1552.93,1.62,1.70,20.00,21.00
20251225_151603,xiaomi/mimo-v2-flash:free,3,50,1262.20,1574.83,1.62,1.73,21.00,22.50
20251225_151603,xiaomi/mimo-v2-flash:free,3,51,1284.00,1592.28,1.62,1.60,23.50,24.75
20251225_151603,xiaomi/mimo-v2-flash:free,3,52,1322.30,1616.63,1.62,1.60,21.50,23.25
20251225_152251,xiaomi/mimo-v2-flash:free,4,1,-31.00,-32.50,1.62,1.62,24.00,24.25
20251225_152251,xiaomi/mimo-v2-flash:free,4,2,13.50,2.80,1.62,1.61,20.50,23.00
20251225_152251,xiaomi/mimo-v2-flash:free,4,3,44.95,41.85,1.62,1.62,20.75,21.25
20251225_152251,xiaomi/mimo-v2-flash:free,4,4,46.70,71.80,1.62,1.75,25.50,20.25
20251225_152251,xiaomi/mimo-v2-flash:free,4,5,90.55,107.10,1.62,1.75,20.75,23.25
20251225_152251,xiaomi/mimo-v2-flash:free,4,6,129.50,127.05,1.62,1.81,21.00,24.75
20251225_152251,xiaomi/mimo-v2-flash:free,4,7,149.15,159.90,1.62,1.62,21.75,22.75
20251225_152251,xiaomi/mimo-v2-flash:free,4,8,175.30,175.75,1.62,1.60,23.00,23.75
20251225_152251,xiaomi/mimo-v2-flash:free,4,9,211.60,199.55,1.62,1.62,21.50,23.50
20251225_152251,xiaomi/mimo-v2-flash:free,4,10,248.80,231.37,1.62,1.62,20.25,22.25
20251225_152251,xiaomi/mimo-v2-flash:free,4,11,268.85,259.12,1.62,1.62,22.25,23.00
20251225_152251,xiaomi/mimo-v2-flash:free,4,12,283.10,285.77,1.62,1.62,24.75,23.00
20251225_152251,xiaomi/mimo-v2-flash:free,4,13,301.10,322.77,1.62,1.62,25.25,20.50
20251225_152251,xiaomi/mimo-v2-flash:free,4,14,356.60,343.32,1.62,1.65,19.00,24.25
20251225_152251,xiaomi/mimo-v2-flash:free,4,15,379.65,366.07,1.62,1.66,21.00,23.00
20251225_152251,xiaomi/mimo-v2-flash:free,4,16,398.55,404.92,1.62,1.68,23.25,21.75
20251225_152251,xiaomi/mimo-v2-flash:free,4,17,446.95,435.82,1.62,1.71,20.00,22.75
20251225_152251,xiaomi/mimo-v2-flash:free,4,18,459.95,459.72,1.62,1.77,23.00,24.00
20251225_152251,xiaomi/mimo-v2-flash:free,4,19,469.65,511.22,1.62,1.71,25.50,19.00
20251225_152251,xiaomi/mimo-v2-flash:free,4,20,528.20,533.62,1.62,1.74,17.25,23.00
20251225_152251,xiaomi/mimo-v2-flash:free,4,21,532.80,583.12,1.62,1.74,25.00,19.75
20251225_152251,xiaomi/mimo-v2-flash:free,4,22,562.65,624.72,1.62,1.76,23.75,21.00
20251225_152251,xiaomi/mimo-v2-flash:free,4,23,607.95,657.47,1.62,1.71,20.25,21.25
20251225_152251,xiaomi/mimo-v2-flash:free,4,24,605.45,693.72,1.62,1.71,25.75,21.00
20251225_152251,xiaomi/mimo-v2-flash:free,4,25,638.30,742.77,1.62,1.65,21.75,19.00
20251225_152251,xiaomi/mimo-v2-flash:free,4,26,663.05,765.57,1.62,1.68,23.50,23.00
20251225_152251,xiaomi/mimo-v2-flash:free,4,27,695.60,784.87,1.62,1.62,22.25,22.75
20251225_152251,xiaomi/mimo-v2-flash:free,4,28,727.90,822.42,1.62,1.75,21.50,22.25
20251225_152251,xiaomi/mimo-v2-flash:free,4,29,750.95,858.02,1.62,1.75,23.25,22.25
20251225_152251,xiaomi/mimo-v2-flash:free,4,30,779.70,876.02,1.62,1.69,21.25,24.25
20251225_152251,xiaomi/mimo-v2-flash:free,4,31,812.85,920.17,1.62,1.68,21.50,20.25
20251225_152251,xiaomi/mimo-v2-flash:free,4,32,833.40,929.17,1.62,1.68,23.00,25.50
20251225_152251,xiaomi/mimo-v2-flash:free,4,33,858.95,964.52,1.62,1.69,23.50,23.25
20251225_152251,xiaomi/mimo-v2-flash:free,4,34,889.10,999.47,1.62,1.70,22.75,21.50
20251225_152251,xiaomi/mimo-v2-flash:free,4,35,919.15,1056.97,1.62,1.73,23.00,19.25
20251225_152251,xiaomi/mimo-v2-flash:free,4,36,959.20,1096.42,1.62,1.98,19.75,21.50
20251225_152251,xiaomi/mimo-v2-flash:free,4,37,980.25,1136.32,1.62,1.98,23.00,22.25
20251225_152251,xiaomi/mimo-v2-flash:free,4,38,1016.75,1164.65,1.62,1.72,21.75,23.25
20251225_152251,xiaomi/mimo-v2-flash:free,4,39,1030.60,1172.60,1.62,1.73,24.50,26.00
20251225_152251,xiaomi/mimo-v2-flash:free,4,40,1049.15,1222.84,1.62,1.70,24.00,21.25
20251225_152251,xiaomi/mimo-v2-flash:free,4,41,1064.90,1292.39,1.62,1.73,25.75,17.25
20251225_152251,xiaomi/mimo-v2-flash:free,4,42,1087.25,1320.75,1.62,1.78,24.75,22.75
20251225_152251,xiaomi/mimo-v2-flash:free,4,43,1116.00,1350.11,1.62,1.76,23.00,23.75
20251225_152251,xiaomi/mimo-v2-flash:free,4,44,1138.30,1358.23,1.62,1.78,23.00,26.50
20251225_152251,xiaomi/mimo-v2-flash:free,4,45,1163.30,1398.04,1.62,1.62,23.50,22.75
20251225_152251,xiaomi/mimo-v2-flash:free,4,46,1195.90,1411.11,1.62,1.62,21.50,24.50
20251225_152251,xiaomi/mimo-v2-flash:free,4,47,1209.10,1446.91,1.62,1.62,24.50,23.50
20251225_152251,xiaomi/mimo-v2-flash:free,4,48,1229.60,1482.56,1.62,1.68,23.75,21.75
20251225_152251,xiaomi/mimo-v2-flash:free,4,49,1255.95,1514.31,1.62,1.68,23.75,22.00
20251225_152251,xiaomi/mimo-v2-flash:free,4,50,1284.50,1543.56,1.62,1.74,22.75,23.25
20251225_152251,xiaomi/mimo-v2-flash:free,4,51,1327.30,1575.46,1.62,1.76,20.50,22.25
20251225_152251,xiaomi/mimo-v2-flash:free,4,52,1332.40,1606.41,1.62,1.76,25.25,23.25
20251225_152949,xiaomi/mimo-v2-flash:free,5,1,-22.50,-13.75,1.62,1.62,23.50,21.25
20251225_152949,xiaomi/mimo-v2-flash:free,5,2,9.15,4.50,1.62,1.69,21.75,24.75
20251225_152949,xiaomi/mimo-v2-flash:free,5,3,26.50,25.60,1.62,1.69,23.00,23.50
20251225_152949,xiaomi/mimo-v2-flash:free,5,4,49.05,72.60,1.62,1.69,23.50,21.50
20251225_152949,xiaomi/mimo-v2-flash:free,5,5,103.40,114.55,1.62,1.75,20.25,21.75
20251225_152949,xiaomi/mimo-v2-flash:free,5,6,116.25,179.35,1.62,2.00,23.25,18.75
20251225_152949,xiaomi/mimo-v2-flash:free,5,7,141.00,211.90,1.62,2.06,23.50,23.00
20251225_152949,xiaomi/mimo-v2-flash:free,5,8,168.20,231.05,1.62,1.94,23.00,25.75
20251225_152949,xiaomi/mimo-v2-flash:free,5,9,201.10,255.50,1.62,1.55,21.50,23.25
20251225_152949,xiaomi/mimo-v2-flash:free,5,10,217.60,272.95,1.62,1.49,23.50,23.00
20251225_152949,xiaomi/mimo-v2-flash:free,5,11,250.85,313.15,1.62,1.56,21.75,20.75
20251225_152949,xiaomi/mimo-v2-flash:free,5,12,290.30,332.57,1.62,1.56,21.00,22.25
20251225_152949,xiaomi/mimo-v2-flash:free,5,13,329.50,359.59,1.62,1.56,21.50,22.00
20251225_152949,xiaomi/mimo-v2-flash:free,5,14,332.00,389.55,1.62,1.56,25.00,21.50
20251225_152949,xiaomi/mimo-v2-flash:free,5,15,379.55,408.19,1.62,1.56,21.00,22.50
20251225_152949,xiaomi/mimo-v2-flash:free,5,16,399.50,423.52,1.62,1.56,23.00,23.25
20251225_152949,xiaomi/mimo-v2-flash:free,5,17,432.60,453.32,1.62,1.60,22.25,21.75
20251225_152949,xiaomi/mimo-v2-flash:free,5,18,441.85,492.62,1.62,1.66,25.75,22.50
20251225_152949,xiaomi/mimo-v2-flash:free,5,19,470.40,516.08,1.62,1.67,23.25,24.00
20251225_152949,xiaomi/mimo-v2-flash:free,5,20,483.10,552.98,1.62,1.68,24.75,21.00
20251225_152949,xiaomi/mimo-v2-flash:free,5,21,522.00,564.88,1.62,1.68,22.25,25.25
20251225_152949,xiaomi/mimo-v2-flash:free,5,22,550.35,596.48,1.62,1.68,22.50,23.25
20251225_152949,xiaomi/mimo-v2-flash:free,5,23,574.75,635.03,1.62,1.69,21.25,21.75
20251225_152949,xiaomi/mimo-v2-flash:free,5,24,621.80,676.43,1.62,1.62,21.75,20.50
20251225_152949,xiaomi/mimo-v2-flash:free,5,25,648.00,690.83,1.62,1.62,21.00,23.50
20251225_152949,xiaomi/mimo-v2-flash:free,5,26,664.65,741.53,1.62,1.75,23.50,21.00
20251225_152949,xiaomi/mimo-v2-flash:free,5,27,684.40,747.43,1.62,1.69,24.25,25.00
20251225_152949,xiaomi/mimo-v2-flash:free,5,28,701.70,774.23,1.62,1.62,24.50,23.25
20251225_152949,xiaomi/mimo-v2-flash:free,5,29,754.85,797.93,1.62,1.69,19.75,24.25
20251225_152949,xiaomi/mimo-v2-flash:free,5,30,778.25,810.13,1.62,1.75,21.75,27.00
20251225_152949,xiaomi/mimo-v2-flash:free,5,31,809.60,838.23,1.62,1.75,21.25,23.25
20251225_152949,xiaomi/mimo-v2-flash:free,5,32,838.65,860.68,1.62,1.94,23.00,25.50
20251225_152949,xiaomi/mimo-v2-flash:free,5,33,849.55,913.23,1.62,1.84,25.25,22.00
20251225_152949,xiaomi/mimo-v2-flash:free,5,34,872.45,950.65,1.62,1.81,23.75,21.25
20251225_152949,xiaomi/mimo-v2-flash:free,5,35,909.25,1005.66,1.62,1.94,21.00,20.50
20251225_152949,xiaomi/mimo-v2-flash:free,5,36,942.65,1063.06,1.62,2.06,21.00,21.25
20251225_152949,xiaomi/mimo-v2-flash:free,5,37,974.35,1122.41,1.62,2.00,21.75,18.75
20251225_152949,xiaomi/mimo-v2-flash:free,5,38,1008.00,1167.31,1.62,1.94,20.25,22.00
20251225_152949,xiaomi/mimo-v2-flash:free,5,39,1028.10,1198.26,1.62,1.94,24.00,23.75
20251225_152949,xiaomi/mimo-v2-flash:free,5,40,1058.20,1244.16,1.62,1.90,22.25,23.00
20251225_152949,xiaomi/mimo-v2-flash:free,5,41,1099.20,1299.66,1.62,1.79,21.00,19.00
20251225_152949,xiaomi/mimo-v2-flash:free,5,42,1123.00,1314.71,1.62,1.81,22.75,24.00
20251225_152949,xiaomi/mimo-v2-flash:free,5,43,1152.60,1371.96,1.62,1.81,21.75,21.25
20251225_152949,xiaomi/mimo-v2-flash:free,5,44,1155.85,1404.11,1.62,1.76,26.25,22.00
20251225_152949,xiaomi/mimo-v2-flash:free,5,45,1194.05,1431.36,1.62,1.75,22.75,23.00
20251225_152949,xiaomi/mimo-v2-flash:free,5,46,1220.55,1471.06,1.62,1.75,22.75,22.75
20251225_152949,xiaomi/mimo-v2-flash:free,5,47,1242.80,1490.91,1.62,1.73,24.00,24.00
20251225_152949,xiaomi/mimo-v2-flash:free,5,48,1272.40,1516.41,1.62,1.69,21.75,23.00
20251225_152949,xiaomi/mimo-v2-flash:free,5,49,1293.25,1566.11,1.62,1.69,24.75,21.00
20251225_152949,xiaomi/mimo-v2-flash:free,5,50,1314.70,1591.31,1.62,1.79,23.00,24.25
20251225_152949,xiaomi/mimo-v2-flash:free,5,51,1361.15,1616.26,1.62,1.77,19.25,23.75
20251225_152949,xiaomi/mimo-v2-flash:free,5,52,1378.40,1669.56,1.62,1.86,22.75,21.00
20251225_153505,nvidia/nemotron-3-nano-30b-a3b:free,1,1,-5.25,-14.00,1.62,1.62,20.25,21.00
20251225_153505,nvidia/nemotron-3-nano-30b-a3b:free,1,2,14.35,27.25,1.62,1.75,22.50,22.00
20251225_153505,nvidia/nemotron-3-nano-30b-a3b:free,1,3,35.85,48.90,1.62,1.79,23.75,24.00
20251225_153505,nvidia/nemotron-3-nano-30b-a3b:free,1,4,63.55,81.55,1.62,1.79,22.25,24.25
20251225_153505,nvidia/nemotron-3-nano-30b-a3b:free,1,5,95.55,110.45,1.62,1.85,22.50,24.50
20251225_153505,nvidia/nemotron-3-nano-30b-a3b:free,1,6,116.15,148.60,1.62,1.85,23.25,22.50
20251225_153505,nvidia/nemotron-3-nano-30b-a3b:free,1,7,159.95,207.40,1.62,1.93,20.50,21.75
20251225_153505,nvidia/nemotron-3-nano-30b-a3b:free,1,8,186.90,253.30,1.62,1.95,21.75,22.00
20251225_153505,nvidia/nemotron-3-nano-30b-a3b:free,1,9,226.55,300.95,1.62,2.08,21.00,23.00
20251225_153505,nvidia/nemotron-3-nano-30b-a3b:free,1,10,245.55,341.10,1.62,2.10,21.75,22.25
20251225_153505,nvidia/nemotron-3-nano-30b-a3b:free,1,11,271.30,384.95,1.62,2.12,23.00,23.75
20251225_153505,nvidia/nemotron-3-nano-30b-a3b:free,1,12,301.75,408.20,1.62,2.19,22.75,25.50
20251225_153505,nvidia/nemotron-3-nano-30b-a3b:free,1,13,312.70,482.45,1.62,2.25,25.25,22.00
20251225_153505,nvidia/nemotron-3-nano-30b-a3b:free,1,14,343.15,550.85,1.62,2.31,22.25,22.75
20251225_153505,nvidia/nemotron-3-nano-30b-a3b:free,1,15,403.85,633.90,1.62,2.38,18.00,21.75
20251225_153505,nvidia/nemotron-3-nano-30b-a3b:free,1,16,407.35,686.65,1.62,2.50,22.50,23.25
20251225_153505,nvidia/nemotron-3-nano-30b-a3b:free,1,17,427.20,753.30,1.62,2.62,24.50,22.75
20251225_153505,nvidia/nemotron-3-nano-30b-a3b:free,1,18,463.55,853.20,1.62,2.75,22.50,22.00
20251225_153505,nvidia/nemotron-3-nano-30b-a3b:free,1,19,479.45,902.10,1.62,2.31,23.50,25.50
20251225_153505,nvidia/nemotron-3-nano-30b-a3b:free,1,20,491.10,1000.10,1.62,2.44,25.25,20.50
20251225_153505,nvidia/nemotron-3-nano-30b-a3b:free,1,21,515.00,1071.30,1.62,2.50,23.25,21.75
20251225_153505,nvidia/nemotron-3-nano-30b-a3b:free,1,22,554.45,1098.85,1.62,2.56,21.75,27.00
20251225_153505,nvidia/nemotron-3-nano-30b-a3b:free,1,23,589.65,1233.70,1.62,2.69,19.50,22.00
20251225_153505,nvidia/nemotron-3-nano-30b-a3b:free,1,24,626.40,1305.10,1.62,2.81,19.75,23.75
20251225_153505,nvidia/nemotron-3-nano-30b-a3b:free,1,25,664.50,1458.80,1.62,2.94,21.75,20.00
20251225_153505,nvidia/nemotron-3-nano-30b-a3b:free,1,26,697.65,1548.60,1.62,3.00,20.75,23.25
20251225_153505,nvidia/nemotron-3-nano-30b-a3b:free,1,27,747.00,1606.45,1.62,2.94,19.25,25.25
20251225_153505,nvidia/nemotron-3-nano-30b-a3b:free,1,28,765.45,1738.90,1.62,3.06,21.50,20.75
20251225_153505,nvidia/nemotron-3-nano-30b-a3b:free,1,29,786.60,1847.95,1.62,3.19,23.25,22.75
20251225_153505,nvidia/nemotron-3-nano-30b-a3b:free,1,30,832.55,1971.40,1.62,3.12,21.50,22.50
20251225_153505,nvidia/nemotron-3-nano-30b-a3b:free,1,31,848.35,2110.80,1.62,3.25,23.25,21.50
20251225_153505,nvidia/nemotron-3-nano-30b-a3b:free,1,32,910.25,2232.50,1.62,3.38,18.25,23.00
20251225_153505,nvidia/nemotron-3-nano-30b-a3b:free,1,33,917.40,2332.75,1.62,3.50,23.00,24.25
20251225_153505,nvidia/nemotron-3-nano-30b-a3b:free,1,34,945.60,2428.65,1.62,3.50,23.50,25.25
20251225_153505,nvidia/nemotron-3-nano-30b-a3b:free,1,35,953.50,2547.30,1.62,3.75,24.25,23.25
20251225_153505,nvidia/nemotron-3-nano-30b-a3b:free,1,36,999.20,2693.15,1.62,4.00,20.75,22.75
20251225_153505,nvidia/nemotron-3-nano-30b-a3b:free,1,37,1026.60,2806.75,1.62,3.12,21.00,22.00
20251225_153505,nvidia/nemotron-3-nano-30b-a3b:free,1,38,1038.85,2920.20,1.62,3.25,23.75,22.75
20251225_153505,nvidia/nemotron-3-nano-30b-a3b:free,1,39,1073.50,3050.95,1.62,3.38,21.50,22.00
20251225_153505,nvidia/nemotron-3-nano-30b-a3b:free,1,40,1111.30,3121.25,1.62,3.62,19.75,25.75
20251225_153505,nvidia/nemotron-3-nano-30b-a3b:free,1,41,1116.80,3240.50,1.62,3.88,25.50,25.25
20251225_153505,nvidia/nemotron-3-nano-30b-a3b:free,1,42,1180.45,3316.40,1.62,2.38,18.00,22.00
20251225_153505,nvidia/nemotron-3-nano-30b-a3b:free,1,43,1212.60,3387.85,1.62,2.62,19.75,23.00
20251225_153505,nvidia/nemotron-3-nano-30b-a3b:free,1,44,1218.70,3422.40,1.62,2.67,24.50,25.25
20251225_153505,nvidia/nemotron-3-nano-30b-a3b:free,1,45,1272.30,3532.80,1.62,2.73,19.50,21.25
20251225_153505,nvidia/nemotron-3-nano-30b-a3b:free,1,46,1301.90,3611.80,1.62,2.77,20.50,23.75
20251225_153505,nvidia/nemotron-3-nano-30b-a3b:free,1,47,1344.55,3692.40,1.62,2.88,20.50,23.25
20251225_153505,nvidia/nemotron-3-nano-30b-a3b:free,1,48,1366.85,3777.65,1.62,2.62,21.75,21.50
20251225_153505,nvidia/nemotron-3-nano-30b-a3b:free,1,49,1401.80,3872.15,1.62,2.75,21.25,21.50
20251225_153505,nvidia/nemotron-3-nano-30b-a3b:free,1,50,1431.75,3943.05,1.62,2.62,21.75,22.25
20251225_153505,nvidia/nemotron-3-nano-30b-a3b:free,1,51,1451.95,4051.05,1.62,2.75,23.25,21.75
20251225_153505,nvidia/nemotron-3-nano-30b-a3b:free,1,52,1481.40,4172.50,1.62,2.88,23.50,20.50
20251225_154057,nvidia/nemotron-3-nano-30b-a3b:free,2,1,-17.75,-20.50,1.62,1.62,22.25,23.50
20251225_154057,nvidia/nemotron-3-nano-30b-a3b:free,2,2,0.20,0.55,1.62,1.69,24.50,24.50
20251225_154057,nvidia/nemotron-3-nano-30b-a3b:free,2,3,42.05,20.15,1.62,1.71,21.50,24.75
20251225_154057,nvidia/nemotron-3-nano-30b-a3b:free,2,4,57.20,76.15,1.62,1.77,24.25,21.00
20251225_154057,nvidia/nemotron-3-nano-30b-a3b:free,2,5,118.55,114.20,1.62,1.79,19.00,23.00
20251225_154057,nvidia/nemotron-3-nano-30b-a3b:free,2,6,116.50,158.75,1.62,1.85,25.00,21.50
20251225_154057,nvidia/nemotron-3-nano-30b-a3b:free,2,7,135.65,218.95,1.62,2.01,23.75,21.50
20251225_154057,nvidia/nemotron-3-nano-30b-a3b:free,2,8,173.95,259.10,1.62,2.20,22.50,22.00
20251225_154057,nvidia/nemotron-3-nano-30b-a3b:free,2,9,193.40,303.40,1.62,2.33,22.75,22.00
20251225_154057,nvidia/nemotron-3-nano-30b-a3b:free,2,10,244.05,347.30,1.62,2.45,20.25,24.25
20251225_154057,nvidia/nemotron-3-nano-30b-a3b:free,2,11,267.55,418.00,1.62,2.48,21.75,21.75
20251225_154057,nvidia/nemotron-3-nano-30b-a3b:free,2,12,303.80,515.55,1.62,2.50,21.50,19.00
20251225_154057,nvidia/nemotron-3-nano-30b-a3b:free,2,13,323.10,557.05,1.62,2.25,23.00,24.25
20251225_154057,nvidia/nemotron-3-nano-30b-a3b:free,2,14,354.55,593.70,1.62,2.38,21.25,26.00
20251225_154057,nvidia/nemotron-3-nano-30b-a3b:free,2,15,401.45,650.20,1.62,2.75,19.75,23.75
20251225_154057,nvidia/nemotron-3-nano-30b-a3b:free,2,16,439.20,738.35,1.62,2.80,20.00,19.00
20251225_154057,nvidia/nemotron-3-nano-30b-a3b:free,2,17,475.00,815.35,1.62,3.12,20.00,23.50
20251225_154057,nvidia/nemotron-3-nano-30b-a3b:free,2,18,517.90,936.65,1.62,3.25,19.00,21.00
20251225_154057,nvidia/nemotron-3-nano-30b-a3b:free,2,19,529.65,1031.30,1.62,3.38,24.50,22.50
20251225_154057,nvidia/nemotron-3-nano-30b-a3b:free,2,20,544.70,1115.15,1.62,3.50,24.50,25.75
20251225_154057,nvidia/nemotron-3-nano-30b-a3b:free,2,21,604.60,1208.25,1.62,3.62,19.50,23.75
20251225_154057,nvidia/nemotron-3-nano-30b-a3b:free,2,22,638.20,1342.65,1.62,3.25,19.75,20.50
20251225_154057,nvidia/nemotron-3-nano-30b-a3b:free,2,23,648.15,1430.60,1.62,3.38,23.75,24.00
20251225_154057,nvidia/nemotron-3-nano-30b-a3b:free,2,24,670.25,1513.00,1.62,3.44,23.50,25.25
20251225_154057,nvidia/nemotron-3-nano-30b-a3b:free,2,25,710.85,1684.85,1.62,3.38,20.75,20.25
20251225_154057,nvidia/nemotron-3-nano-30b-a3b:free,2,26,735.20,1797.55,1.62,3.56,22.50,22.25
20251225_154057,nvidia/nemotron-3-nano-30b-a3b:free,2,27,757.50,1873.90,1.62,2.69,22.50,23.00
20251225_154057,nvidia/nemotron-3-nano-30b-a3b:free,2,28,776.35,1966.85,1.62,2.44,24.25,20.00
20251225_154057,nvidia/nemotron-3-nano-30b-a3b:free,2,29,807.60,2024.25,1.62,2.56,22.25,22.50
20251225_154057,nvidia/nemotron-3-nano-30b-a3b:free,2,30,834.90,2075.50,1.62,2.61,22.50,24.25
20251225_154057,nvidia/nemotron-3-nano-30b-a3b:free,2,31,846.70,2160.75,1.62,2.69,24.25,22.25
20251225_154057,nvidia/nemotron-3-nano-30b-a3b:free,2,32,892.45,2262.75,1.62,2.76,20.50,22.25
20251225_154057,nvidia/nemotron-3-nano-30b-a3b:free,2,33,931.35,2364.60,1.62,2.89,20.25,21.50
20251225_154057,nvidia/nemotron-3-nano-30b-a3b:free,2,34,973.30,2433.50,1.62,2.76,19.50,23.25
20251225_154057,nvidia/nemotron-3-nano-30b-a3b:free,2,35,984.90,2547.25,1.62,2.84,23.25,21.25
20251225_154057,nvidia/nemotron-3-nano-30b-a3b:free,2,36,1006.75,2633.70,1.62,2.94,23.50,24.25
20251225_154057,nvidia/nemotron-3-nano-30b-a3b:free,2,37,1028.45,2729.15,1.62,3.06,23.00,23.50
20251225_154057,nvidia/nemotron-3-nano-30b-a3b:free,2,38,1049.10,2832.00,1.62,2.94,23.75,21.75
20251225_154057,nvidia/nemotron-3-nano-30b-a3b:free,2,39,1100.25,2918.60,1.62,3.06,20.75,24.00
20251225_154057,nvidia/nemotron-3-nano-30b-a3b:free,2,40,1122.35,3020.55,1.62,3.19,22.50,23.00
20251225_154057,nvidia/nemotron-3-nano-30b-a3b:free,2,41,1168.15,3111.55,1.62,3.31,19.25,24.75
20251225_154057,nvidia/nemotron-3-nano-30b-a3b:free,2,42,1174.35,3234.35,1.62,3.44,23.50,22.50
20251225_154057,nvidia/nemotron-3-nano-30b-a3b:free,2,43,1228.45,3390.10,1.62,3.69,18.75,22.25
20251225_154057,nvidia/nemotron-3-nano-30b-a3b:free,2,44,1247.65,3524.95,1.62,3.94,22.75,23.75
20251225_154057,nvidia/nemotron-3-nano-30b-a3b:free,2,45,1295.85,3684.85,1.62,4.19,18.75,22.25
20251225_154057,nvidia/nemotron-3-nano-30b-a3b:free,2,46,1327.45,3781.00,1.62,4.31,20.75,25.50
20251225_154057,nvidia/nemotron-3-nano-30b-a3b:free,2,47,1346.25,3907.35,1.62,4.56,23.75,24.50
20251225_154057,nvidia/nemotron-3-nano-30b-a3b:free,2,48,1384.75,4015.45,1.62,4.69,21.00,23.25
20251225_154057,nvidia/nemotron-3-nano-30b-a3b:free,2,49,1424.05,4106.45,1.62,4.06,21.25,25.25
20251225_154057,nvidia/nemotron-3-nano-30b-a3b:free,2,50,1456.00,4292.10,1.62,4.31,21.50,22.50
20251225_154057,nvidia/nemotron-3-nano-30b-a3b:free,2,51,1491.90,4411.05,1.62,4.56,20.25,24.00
20251225_154057,nvidia/nemotron-3-nano-30b-a3b:free,2,52,1516.80,4601.70,1.62,5.06,21.75,24.00
20251225_154636,nvidia/nemotron-3-nano-30b-a3b:free,3,1,-8.50,-23.75,1.62,1.62,20.50,22.75
20251225_154636,nvidia/nemotron-3-nano-30b-a3b:free,3,2,-0.20,11.20,1.62,1.66,24.75,22.75
20251225_154636,nvidia/nemotron-3-nano-30b-a3b:free,3,3,34.40,44.30,1.62,1.73,21.50,23.25
20251225_154636,nvidia/nemotron-3-nano-30b-a3b:free,3,4,78.60,92.60,1.62,1.79,19.25,21.00
20251225_154636,nvidia/nemotron-3-nano-30b-a3b:free,3,5,100.90,121.40,1.62,1.86,23.25,23.75
20251225_154636,nvidia/nemotron-3-nano-30b-a3b:free,3,6,132.30,156.70,1.62,1.93,22.50,23.75
20251225_154636,nvidia/nemotron-3-nano-30b-a3b:free,3,7,175.40,217.55,1.62,1.95,20.00,21.50
20251225_154636,nvidia/nemotron-3-nano-30b-a3b:free,3,8,214.85,271.55,1.62,1.99,19.75,21.25
20251225_154636,nvidia/nemotron-3-nano-30b-a3b:free,3,9,225.15,290.65,1.62,2.02,23.75,25.75
20251225_154636,nvidia/nemotron-3-nano-30b-a3b:free,3,10,267.80,334.85,1.62,2.08,22.00,24.25
20251225_154636,nvidia/nemotron-3-nano-30b-a3b:free,3,11,306.95,397.00,1.62,2.10,19.75,23.50
20251225_154636,nvidia/nemotron-3-nano-30b-a3b:free,3,12,317.65,471.90,1.62,2.23,23.00,21.25
20251225_154636,nvidia/nemotron-3-nano-30b-a3b:free,3,13,367.65,522.90,1.62,2.29,19.50,23.50
20251225_154636,nvidia/nemotron-3-nano-30b-a3b:free,3,14,387.10,597.30,1.62,2.33,23.00,22.50
20251225_154636,nvidia/nemotron-3-nano-30b-a3b:free,3,15,422.80,665.30,1.62,2.39,21.00,22.00
20251225_154636,nvidia/nemotron-3-nano-30b-a3b:free,3,16,439.30,746.50,1.62,2.26,23.75,22.25
20251225_154636,nvidia/nemotron-3-nano-30b-a3b:free,3,17,472.50,797.50,1.62,2.45,22.00,23.75
20251225_154636,nvidia/nemotron-3-nano-30b-a3b:free,3,18,507.90,892.50,1.62,2.52,20.75,21.50
20251225_154636,nvidia/nemotron-3-nano-30b-a3b:free,3,19,553.95,949.40,1.62,2.62,20.00,24.25
20251225_154636,nvidia/nemotron-3-nano-30b-a3b:free,3,20,588.20,1072.55,1.62,2.75,20.50,21.50
20251225_154636,nvidia/nemotron-3-nano-30b-a3b:free,3,21,609.00,1143.90,1.62,2.88,23.50,23.00
20251225_154636,nvidia/nemotron-3-nano-30b-a3b:free,3,22,661.05,1216.55,1.62,3.00,19.25,24.75
20251225_154636,nvidia/nemotron-3-nano-30b-a3b:free,3,23,685.75,1276.60,1.62,2.62,23.00,23.50
20251225_154636,nvidia/nemotron-3-nano-30b-a3b:free,3,24,709.75,1346.85,1.62,2.75,22.25,23.00
20251225_154636,nvidia/nemotron-3-nano-30b-a3b:free,3,25,730.45,1403.20,1.62,2.62,23.75,25.50
20251225_154636,nvidia/nemotron-3-nano-30b-a3b:free,3,26,758.95,1482.25,1.62,2.69,22.75,23.75
20251225_154636,nvidia/nemotron-3-nano-30b-a3b:free,3,27,766.35,1591.70,1.62,2.94,25.50,21.25
20251225_154636,nvidia/nemotron-3-nano-30b-a3b:free,3,28,814.80,1676.90,1.62,3.19,20.50,24.25
20251225_154636,nvidia/nemotron-3-nano-30b-a3b:free,3,29,846.30,1763.55,1.62,3.31,21.25,23.25
20251225_154636,nvidia/nemotron-3-nano-30b-a3b:free,3,30,860.25,1899.30,1.62,3.56,23.50,22.25
20251225_154636,nvidia/nemotron-3-nano-30b-a3b:free,3,31,886.05,2023.55,1.62,3.19,23.50,20.75
20251225_154636,nvidia/nemotron-3-nano-30b-a3b:free,3,32,891.30,2157.40,1.62,3.31,27.00,21.00
20251225_154636,nvidia/nemotron-3-nano-30b-a3b:free,3,33,922.95,2277.85,1.62,3.56,22.75,24.00
20251225_154636,nvidia/nemotron-3-nano-30b-a3b:free,3,34,946.50,2392.65,1.62,3.62,24.75,23.75
20251225_154636,nvidia/nemotron-3-nano-30b-a3b:free,3,35,981.55,2541.70,1.62,3.75,21.50,22.00
20251225_154636,nvidia/nemotron-3-nano-30b-a3b:free,3,36,1014.40,2704.40,1.62,3.81,21.00,23.00
20251225_154636,nvidia/nemotron-3-nano-30b-a3b:free,3,37,1056.10,2852.55,1.62,3.44,20.25,21.25
20251225_154636,nvidia/nemotron-3-nano-30b-a3b:free,3,38,1093.20,2990.15,1.62,3.69,19.00,23.75
20251225_154636,nvidia/nemotron-3-nano-30b-a3b:free,3,39,1138.35,3115.35,1.62,3.31,20.25,22.75
20251225_154636,nvidia/nemotron-3-nano-30b-a3b:free,3,40,1155.75,3267.05,1.62,3.50,22.50,22.50
20251225_154636,nvidia/nemotron-3-nano-30b-a3b:free,3,41,1195.70,3370.85,1.62,3.62,21.50,24.75
20251225_154636,nvidia/nemotron-3-nano-30b-a3b:free,3,42,1208.95,3463.80,1.62,3.75,23.00,26.25
20251225_154636,nvidia/nemotron-3-nano-30b-a3b:free,3,43,1247.70,3620.50,1.62,3.88,21.25,24.50
20251225_154636,nvidia/nemotron-3-nano-30b-a3b:free,3,44,1273.00,3817.10,1.62,4.00,22.00,21.00
20251225_154636,nvidia/nemotron-3-nano-30b-a3b:free,3,45,1310.40,3917.60,1.62,4.25,20.50,25.50
20251225_154636,nvidia/nemotron-3-nano-30b-a3b:free,3,46,1349.55,4054.90,1.62,4.50,20.75,26.00
20251225_154636,nvidia/nemotron-3-nano-30b-a3b:free,3,47,1369.20,4171.05,1.62,4.56,21.75,25.50
20251225_154636,nvidia/nemotron-3-nano-30b-a3b:free,3,48,1422.95,4308.15,1.62,4.81,19.00,25.25
20251225_154636,nvidia/nemotron-3-nano-30b-a3b:free,3,49,1451.25,4491.95,1.62,5.06,21.00,23.50
20251225_154636,nvidia/nemotron-3-nano-30b-a3b:free,3,50,1486.30,4610.95,1.62,5.31,20.25,28.00
20251225_154636,nvidia/nemotron-3-nano-30b-a3b:free,3,51,1506.10,4819.00,1.62,5.56,21.75,23.25
20251225_154636,nvidia/nemotron-3-nano-30b-a3b:free,3,52,1533.90,5046.55,1.62,5.69,22.75,23.00
20251225_155301,nvidia/nemotron-3-nano-30b-a3b:free,4,1,2.50,-31.75,1.62,1.62,20.25,24.25
20251225_155301,nvidia/nemotron-3-nano-30b-a3b:free,4,2,20.40,4.15,1.62,1.69,21.75,22.50
20251225_155301,nvidia/nemotron-3-nano-30b-a3b:free,4,3,65.25,35.80,1.62,1.75,18.75,23.75
20251225_155301,nvidia/nemotron-3-nano-30b-a3b:free,4,4,82.70,93.00,1.62,1.89,22.75,19.75
20251225_155301,nvidia/nemotron-3-nano-30b-a3b:free,4,5,132.05,125.90,1.62,2.00,19.50,22.50
20251225_155301,nvidia/nemotron-3-nano-30b-a3b:free,4,6,162.15,171.45,1.62,2.02,21.50,22.75
20251225_155301,nvidia/nemotron-3-nano-30b-a3b:free,4,7,179.40,242.40,1.62,2.09,24.25,20.75
20251225_155301,nvidia/nemotron-3-nano-30b-a3b:free,4,8,205.15,296.75,1.62,1.96,24.00,20.50
20251225_155301,nvidia/nemotron-3-nano-30b-a3b:free,4,9,236.40,339.15,1.62,2.02,22.50,22.25
20251225_155301,nvidia/nemotron-3-nano-30b-a3b:free,4,10,275.50,393.35,1.62,2.06,20.00,22.50
20251225_155301,nvidia/nemotron-3-nano-30b-a3b:free,4,11,309.55,440.90,1.62,2.11,21.25,23.50
20251225_155301,nvidia/nemotron-3-nano-30b-a3b:free,4,12,343.75,475.65,1.62,2.16,21.25,24.50
20251225_155301,nvidia/nemotron-3-nano-30b-a3b:free,4,13,366.30,566.50,1.62,2.24,22.75,19.75
20251225_155301,nvidia/nemotron-3-nano-30b-a3b:free,4,14,399.70,596.60,1.62,2.31,21.75,25.25
20251225_155301,nvidia/nemotron-3-nano-30b-a3b:free,4,15,399.70,671.15,1.62,2.36,26.00,22.75
20251225_155301,nvidia/nemotron-3-nano-30b-a3b:free,4,16,428.55,743.95,1.62,2.49,24.00,23.00
20251225_155301,nvidia/nemotron-3-nano-30b-a3b:free,4,17,475.00,817.20,1.62,2.54,21.25,22.25
20251225_155301,nvidia/nemotron-3-nano-30b-a3b:free,4,18,497.20,893.70,1.62,2.59,21.75,22.75
20251225_155301,nvidia/nemotron-3-nano-30b-a3b:free,4,19,553.70,1031.15,1.62,2.66,18.50,18.25
20251225_155301,nvidia/nemotron-3-nano-30b-a3b:free,4,20,585.20,1117.30,1.62,2.71,20.25,22.00
20251225_155301,nvidia/nemotron-3-nano-30b-a3b:free,4,21,625.60,1180.30,1.62,2.54,20.25,23.00
20251225_155301,nvidia/nemotron-3-nano-30b-a3b:free,4,22,639.70,1252.60,1.62,2.44,23.00,21.75
20251225_155301,nvidia/nemotron-3-nano-30b-a3b:free,4,23,679.50,1306.50,1.62,2.56,21.75,25.00
20251225_155301,nvidia/nemotron-3-nano-30b-a3b:free,4,24,688.35,1361.25,1.62,2.69,24.50,26.50
20251225_155301,nvidia/nemotron-3-nano-30b-a3b:free,4,25,733.70,1438.60,1.62,2.81,20.00,24.50
20251225_155301,nvidia/nemotron-3-nano-30b-a3b:free,4,26,751.40,1520.30,1.62,2.69,23.50,21.00
20251225_155301,nvidia/nemotron-3-nano-30b-a3b:free,4,27,770.60,1601.35,1.62,2.74,25.00,22.75
20251225_155301,nvidia/nemotron-3-nano-30b-a3b:free,4,28,807.55,1735.05,1.62,2.86,22.75,20.50
20251225_155301,nvidia/nemotron-3-nano-30b-a3b:free,4,29,823.15,1769.00,1.62,1.99,23.75,23.00
20251225_155301,nvidia/nemotron-3-nano-30b-a3b:free,4,30,852.40,1818.05,1.62,2.04,22.50,23.00
20251225_155301,nvidia/nemotron-3-nano-30b-a3b:free,4,31,859.75,1849.70,1.62,2.06,26.00,24.75
20251225_155301,nvidia/nemotron-3-nano-30b-a3b:free,4,32,897.75,1881.60,1.62,2.11,21.50,26.25
20251225_155301,nvidia/nemotron-3-nano-30b-a3b:free,4,33,916.80,1944.45,1.62,2.15,22.75,22.75
20251225_155301,nvidia/nemotron-3-nano-30b-a3b:free,4,34,951.65,2009.25,1.62,2.15,21.25,22.00
20251225_155301,nvidia/nemotron-3-nano-30b-a3b:free,4,35,977.30,2094.35,1.62,2.30,22.25,19.75
20251225_155301,nvidia/nemotron-3-nano-30b-a3b:free,4,36,986.00,2133.05,1.62,2.35,25.25,24.00
20251225_155301,nvidia/nemotron-3-nano-30b-a3b:free,4,37,1005.95,2198.50,1.62,1.93,25.00,20.25
20251225_155301,nvidia/nemotron-3-nano-30b-a3b:free,4,38,1035.55,2225.95,1.62,1.99,22.25,23.00
20251225_155301,nvidia/nemotron-3-nano-30b-a3b:free,4,39,1069.25,2274.05,1.62,1.99,22.00,22.00
20251225_155301,nvidia/nemotron-3-nano-30b-a3b:free,4,40,1114.05,2349.30,1.62,2.05,19.50,19.25
20251225_155301,nvidia/nemotron-3-nano-30b-a3b:free,4,41,1146.75,2405.80,1.62,2.10,22.00,21.00
20251225_155301,nvidia/nemotron-3-nano-30b-a3b:free,4,42,1175.00,2425.45,1.62,2.23,20.75,26.25
20251225_155301,nvidia/nemotron-3-nano-30b-a3b:free,4,43,1185.40,2499.30,1.62,2.30,25.00,22.00
20251225_155301,nvidia/nemotron-3-nano-30b-a3b:free,4,44,1226.30,2545.95,1.62,2.10,21.25,23.50
20251225_155301,nvidia/nemotron-3-nano-30b-a3b:free,4,45,1253.55,2563.35,1.62,2.23,20.75,26.00
20251225_155301,nvidia/nemotron-3-nano-30b-a3b:free,4,46,1267.25,2640.35,1.62,2.23,24.50,21.25
20251225_155301,nvidia/nemotron-3-nano-30b-a3b:free,4,47,1283.05,2691.15,1.62,2.44,24.50,22.50
20251225_155301,nvidia/nemotron-3-nano-30b-a3b:free,4,48,1328.15,2798.10,1.62,2.56,21.75,20.75
20251225_155301,nvidia/nemotron-3-nano-30b-a3b:free,4,49,1344.90,2886.30,1.62,2.65,24.75,21.25
20251225_155301,nvidia/nemotron-3-nano-30b-a3b:free,4,50,1371.95,2938.95,1.62,2.65,22.50,23.50
20251225_155301,nvidia/nemotron-3-nano-30b-a3b:free,4,51,1411.35,2981.85,1.62,2.52,21.25,24.50
20251225_155301,nvidia/nemotron-3-nano-30b-a3b:free,4,52,1415.10,3019.25,1.62,2.65,25.50,25.50
20251225_155852,nvidia/nemotron-3-nano-30b-a3b:free,5,1,-9.25,-14.00,1.62,1.62,20.75,21.50
20251225_155852,nvidia/nemotron-3-nano-30b-a3b:free,5,2,9.80,25.75,1.62,1.71,23.75,21.50
20251225_155852,nvidia/nemotron-3-nano-30b-a3b:free,5,3,55.50,56.25,1.62,1.77,19.75,23.00
20251225_155852,nvidia/nemotron-3-nano-30b-a3b:free,5,4,73.55,70.35,1.62,1.84,22.75,26.75
20251225_155852,nvidia/nemotron-3-nano-30b-a3b:free,5,5,103.25,126.00,1.62,1.86,22.25,23.25
20251225_155852,nvidia/nemotron-3-nano-30b-a3b:free,5,6,111.60,155.05,1.62,1.93,25.50,24.25
20251225_155852,nvidia/nemotron-3-nano-30b-a3b:free,5,7,160.50,181.65,1.62,1.69,21.50,24.00
20251225_155852,nvidia/nemotron-3-nano-30b-a3b:free,5,8,193.15,197.40,1.62,1.71,21.00,26.00
20251225_155852,nvidia/nemotron-3-nano-30b-a3b:free,5,9,212.70,242.80,1.62,1.75,23.50,21.75
20251225_155852,nvidia/nemotron-3-nano-30b-a3b:free,5,10,222.70,277.35,1.62,1.76,24.25,22.50
20251225_155852,nvidia/nemotron-3-nano-30b-a3b:free,5,11,247.55,321.25,1.62,1.79,23.50,22.00
20251225_155852,nvidia/nemotron-3-nano-30b-a3b:free,5,12,281.90,348.55,1.62,1.81,22.00,23.50
20251225_155852,nvidia/nemotron-3-nano-30b-a3b:free,5,13,315.45,408.70,1.62,1.85,21.50,21.75
20251225_155852,nvidia/nemotron-3-nano-30b-a3b:free,5,14,359.55,449.25,1.62,1.86,19.75,22.00
20251225_155852,nvidia/nemotron-3-nano-30b-a3b:free,5,15,374.45,459.65,1.62,1.94,22.75,27.50
20251225_155852,nvidia/nemotron-3-nano-30b-a3b:free,5,16,402.90,515.30,1.62,1.99,23.25,23.25
20251225_155852,nvidia/nemotron-3-nano-30b-a3b:free,5,17,426.55,626.85,1.62,2.08,23.75,16.00
20251225_155852,nvidia/nemotron-3-nano-30b-a3b:free,5,18,459.80,687.40,1.62,2.02,22.00,20.25
20251225_155852,nvidia/nemotron-3-nano-30b-a3b:free,5,19,488.55,729.00,1.62,2.04,21.00,23.00
20251225_155852,nvidia/nemotron-3-nano-30b-a3b:free,5,20,529.05,802.90,1.62,2.08,20.25,21.00
20251225_155852,nvidia/nemotron-3-nano-30b-a3b:free,5,21,543.95,876.90,1.62,2.10,22.75,20.25
20251225_155852,nvidia/nemotron-3-nano-30b-a3b:free,5,22,573.25,924.90,1.62,2.17,22.25,23.50
20251225_155852,nvidia/nemotron-3-nano-30b-a3b:free,5,23,601.50,1010.60,1.62,2.30,23.50,21.75
20251225_155852,nvidia/nemotron-3-nano-30b-a3b:free,5,24,632.10,1055.15,1.62,2.42,22.00,25.00
20251225_155852,nvidia/nemotron-3-nano-30b-a3b:free,5,25,677.90,1153.40,1.62,2.55,20.50,19.75
20251225_155852,nvidia/nemotron-3-nano-30b-a3b:free,5,26,697.75,1232.85,1.62,2.67,22.25,21.50
20251225_155852,nvidia/nemotron-3-nano-30b-a3b:free,5,27,705.35,1322.15,1.62,2.80,25.75,22.75
20251225_155852,nvidia/nemotron-3-nano-30b-a3b:free,5,28,757.60,1411.55,1.62,2.92,20.50,23.00
20251225_155852,nvidia/nemotron-3-nano-30b-a3b:free,5,29,776.50,1537.05,1.62,3.05,22.50,24.00
20251225_155852,nvidia/nemotron-3-nano-30b-a3b:free,5,30,799.20,1668.45,1.62,3.09,23.75,21.50
20251225_155852,nvidia/nemotron-3-nano-30b-a3b:free,5,31,839.05,1806.80,1.62,3.21,20.75,21.75
20251225_155852,nvidia/nemotron-3-nano-30b-a3b:free,5,32,860.20,1900.55,1.62,3.26,22.50,22.75
20251225_155852,nvidia/nemotron-3-nano-30b-a3b:free,5,33,895.35,2092.75,1.62,3.26,22.25,20.25
20251225_155852,nvidia/nemotron-3-nano-30b-a3b:free,5,34,929.45,2198.00,1.62,3.51,20.25,24.00
20251225_155852,nvidia/nemotron-3-nano-30b-a3b:free,5,35,939.55,2297.60,1.62,3.51,24.00,25.25
20251225_155852,nvidia/nemotron-3-nano-30b-a3b:free,5,36,962.25,2380.45,1.62,2.76,24.50,22.25
20251225_155852,nvidia/nemotron-3-nano-30b-a3b:free,5,37,977.15,2512.80,1.62,3.01,25.25,19.75
20251225_155852,nvidia/nemotron-3-nano-30b-a3b:free,5,38,1002.10,2626.45,1.62,3.14,24.25,22.00
20251225_155852,nvidia/nemotron-3-nano-30b-a3b:free,5,39,1053.55,2762.30,1.62,3.20,19.75,20.50
20251225_155852,nvidia/nemotron-3-nano-30b-a3b:free,5,40,1081.15,2914.55,1.62,3.62,21.25,22.00
20251225_155852,nvidia/nemotron-3-nano-30b-a3b:free,5,41,1088.30,2986.00,1.62,3.75,25.25,25.75
20251225_155852,nvidia/nemotron-3-nano-30b-a3b:free,5,42,1122.90,3057.95,1.62,4.00,22.25,26.50
20251225_155852,nvidia/nemotron-3-nano-30b-a3b:free,5,43,1145.55,3133.90,1.62,2.25,24.25,22.25
20251225_155852,nvidia/nemotron-3-nano-30b-a3b:free,5,44,1179.50,3216.40,1.62,2.31,22.00,21.75
20251225_155852,nvidia/nemotron-3-nano-30b-a3b:free,5,45,1211.15,3257.20,1.62,2.11,22.00,22.75
20251225_155852,nvidia/nemotron-3-nano-30b-a3b:free,5,46,1224.80,3313.40,1.62,2.24,24.75,23.00
20251225_155852,nvidia/nemotron-3-nano-30b-a3b:free,5,47,1235.00,3359.80,1.62,2.26,24.75,24.00
20251225_155852,nvidia/nemotron-3-nano-30b-a3b:free,5,48,1264.70,3424.35,1.62,2.14,24.75,21.25
20251225_155852,nvidia/nemotron-3-nano-30b-a3b:free,5,49,1298.85,3488.45,1.62,2.23,21.50,21.50
20251225_155852,nvidia/nemotron-3-nano-30b-a3b:free,5,50,1356.95,3565.10,1.62,2.29,18.75,20.75
20251225_155852,nvidia/nemotron-3-nano-30b-a3b:free,5,51,1367.00,3613.65,1.62,2.35,23.00,24.00
20251225_155852,nvidia/nemotron-3-nano-30b-a3b:free,5,52,1406.20,3692.55,1.62,2.41,21.50,22.50
20251225_160706,mistralai/devstral-2512:free,1,1,-20.50,-15.50,1.62,1.62,21.75,21.50
20251225_160706,mistralai/devstral-2512:free,1,2,0.00,9.40,1.62,1.69,23.75,23.75
20251225_160706,mistralai/devstral-2512:free,1,3,25.15,59.50,1.62,1.81,24.00,21.25
20251225_160706,mistralai/devstral-2512:free,1,4,59.55,92.00,1.62,1.94,21.75,24.00
20251225_160706,mistralai/devstral-2512:free,1,5,77.80,147.50,1.62,2.04,23.75,22.00
20251225_160706,mistralai/devstral-2512:free,1,6,113.70,211.45,1.62,2.06,22.75,21.25
20251225_160706,mistralai/devstral-2512:free,1,7,139.95,278.10,1.62,2.12,22.00,20.50
20251225_160706,mistralai/devstral-2512:free,1,8,156.55,318.25,1.62,2.02,23.75,23.50
20251225_160706,mistralai/devstral-2512:free,1,9,201.85,381.55,1.62,2.12,19.75,22.25
20251225_160706,mistralai/devstral-2512:free,1,10,233.40,435.10,1.62,2.24,22.00,23.00
20251225_160706,mistralai/devstral-2512:free,1,11,265.65,520.08,1.62,2.44,21.25,21.50
20251225_160706,mistralai/devstral-2512:free,1,12,301.65,564.18,1.62,2.69,20.50,26.00
20251225_160706,mistralai/devstral-2512:free,1,13,322.00,680.23,1.62,2.94,22.50,22.50
20251225_160706,mistralai/devstral-2512:free,1,14,371.80,736.23,1.62,2.69,19.75,24.75
20251225_160706,mistralai/devstral-2512:free,1,15,387.80,826.93,1.62,2.33,22.00,21.50
20251225_160706,mistralai/devstral-2512:free,1,16,417.60,911.68,1.62,2.49,22.00,20.75
20251225_160706,mistralai/devstral-2512:free,1,17,453.05,989.93,1.62,2.70,22.00,23.25
20251225_160706,mistralai/devstral-2512:free,1,18,487.75,1097.43,1.62,2.70,21.25,21.75
20251225_160706,mistralai/devstral-2512:free,1,19,523.75,1196.43,1.62,2.73,20.25,21.25
20251225_160706,mistralai/devstral-2512:free,1,20,527.45,1283.23,1.62,2.89,26.50,22.25
20251225_160706,mistralai/devstral-2512:free,1,21,558.95,1367.48,1.62,2.80,23.25,23.00
20251225_160706,mistralai/devstral-2512:free,1,22,591.20,1432.88,1.62,2.58,21.50,24.50
20251225_160706,mistralai/devstral-2512:free,1,23,593.85,1521.03,1.62,2.64,25.75,22.25
20251225_160706,mistralai/devstral-2512:free,1,24,631.00,1592.38,1.62,2.64,23.00,23.50
20251225_160706,mistralai/devstral-2512:free,1,25,668.10,1691.33,1.62,3.00,21.00,23.50
20251225_160706,mistralai/devstral-2512:free,1,26,694.85,1775.83,1.62,3.19,22.00,24.50
20251225_160706,mistralai/devstral-2512:free,1,27,721.30,1869.23,1.62,2.81,22.25,23.00
20251225_160706,mistralai/devstral-2512:free,1,28,755.70,1942.08,1.62,2.85,21.50,25.25
20251225_160706,mistralai/devstral-2512:free,1,29,812.20,2008.13,1.62,2.51,18.25,23.25
20251225_160706,mistralai/devstral-2512:free,1,30,836.25,2072.63,1.62,2.73,21.25,25.25
20251225_160706,mistralai/devstral-2512:free,1,31,868.60,2175.63,1.62,2.94,22.00,22.75
20251225_160706,mistralai/devstral-2512:free,1,32,879.20,2262.88,1.62,3.19,24.25,24.00
20251225_160706,mistralai/devstral-2512:free,1,33,923.90,2328.18,1.62,3.38,21.75,26.50
20251225_160706,mistralai/devstral-2512:free,1,34,949.35,2449.83,1.62,3.25,22.00,23.00
20251225_160706,mistralai/devstral-2512:free,1,35,955.95,2576.43,1.62,3.19,25.00,22.00
20251225_160706,mistralai/devstral-2512:free,1,36,984.45,2691.48,1.62,2.94,23.00,21.25
20251225_160706,mistralai/devstral-2512:free,1,37,1031.05,2838.43,1.62,3.06,19.25,19.75
20251225_160706,mistralai/devstral-2512:free,1,38,1071.05,2947.93,1.62,3.31,18.75,23.00
20251225_160706,mistralai/devstral-2512:free,1,39,1090.20,3064.48,1.62,3.31,23.25,22.25
20251225_160706,mistralai/devstral-2512:free,1,40,1133.90,3189.18,1.62,3.31,19.75,21.75
20251225_160706,mistralai/devstral-2512:free,1,41,1154.35,3291.73,1.62,3.56,22.50,24.75
20251225_160706,mistralai/devstral-2512:free,1,42,1183.20,3393.28,1.62,3.81,22.00,25.75
20251225_160706,mistralai/devstral-2512:free,1,43,1241.50,3504.23,1.62,3.88,17.50,25.50
20251225_160706,mistralai/devstral-2512:free,1,44,1250.95,3662.13,1.62,4.00,22.75,22.25
20251225_160706,mistralai/devstral-2512:free,1,45,1281.60,3765.38,1.62,4.06,21.75,25.75
20251225_160706,mistralai/devstral-2512:free,1,46,1327.75,3961.98,1.62,4.25,18.75,22.00
20251225_160706,mistralai/devstral-2512:free,1,47,1361.55,4081.78,1.62,4.38,20.75,25.75
20251225_160706,mistralai/devstral-2512:free,1,48,1402.25,4247.68,1.62,4.12,20.25,23.25
20251225_160706,mistralai/devstral-2512:free,1,49,1421.55,4405.18,1.62,4.19,23.25,23.50
20251225_160706,mistralai/devstral-2512:free,1,50,1458.05,4543.53,1.62,3.62,22.25,22.50
20251225_160706,mistralai/devstral-2512:free,1,51,1486.55,4684.03,1.62,3.27,22.25,21.25
20251225_160706,mistralai/devstral-2512:free,1,52,1520.25,4803.33,1.62,3.33,21.75,22.75
20251225_161549,mistralai/devstral-2512:free,2,1,-11.00,-18.75,1.62,1.62,21.50,21.50
20251225_161549,mistralai/devstral-2512:free,2,2,25.40,7.25,1.62,1.75,20.75,23.50
20251225_161549,mistralai/devstral-2512:free,2,3,29.20,23.40,1.62,1.88,25.50,26.00
20251225_161549,mistralai/devstral-2512:free,2,4,75.30,69.40,1.62,1.69,20.75,22.50
20251225_161549,mistralai/devstral-2512:free,2,5,109.30,119.25,1.62,1.75,22.25,20.25
20251225_161549,mistralai/devstral-2512:free,2,6,117.75,130.70,1.62,1.91,25.75,25.50
20251225_161549,mistralai/devstral-2512:free,2,7,133.85,160.55,1.62,1.85,25.25,24.75
20251225_161549,mistralai/devstral-2512:free,2,8,153.90,188.55,1.62,1.89,25.00,24.50
20251225_161549,mistralai/devstral-2512:free,2,9,178.25,218.40,1.62,1.97,23.25,24.25
20251225_161549,mistralai/devstral-2512:free,2,10,205.80,282.50,1.62,2.08,23.50,22.25
20251225_161549,mistralai/devstral-2512:free,2,11,222.55,324.35,1.62,2.23,24.25,23.50
20251225_161549,mistralai/devstral-2512:free,2,12,246.10,400.05,1.62,2.44,23.50,22.25
20251225_161549,mistralai/devstral-2512:free,2,13,273.65,467.65,1.62,2.44,23.00,23.50
20251225_161549,mistralai/devstral-2512:free,2,14,301.20,517.10,1.62,2.44,23.00,24.50
20251225_161549,mistralai/devstral-2512:free,2,15,348.15,614.30,1.62,2.69,20.50,20.75
20251225_161549,mistralai/devstral-2512:free,2,16,381.35,667.55,1.62,2.62,21.00,25.00
20251225_161549,mistralai/devstral-2512:free,2,17,405.45,717.20,1.62,2.05,22.00,22.75
20251225_161549,mistralai/devstral-2512:free,2,18,441.20,758.85,1.62,2.02,21.25,23.75
20251225_161549,mistralai/devstral-2512:free,2,19,472.90,806.45,1.62,2.04,21.25,24.00
20251225_161549,mistralai/devstral-2512:free,2,20,497.35,866.85,1.62,2.21,22.25,22.00
20251225_161549,mistralai/devstral-2512:free,2,21,547.35,945.65,1.62,2.35,19.00,21.25
20251225_161549,mistralai/devstral-2512:free,2,22,579.95,991.90,1.62,2.55,20.25,25.25
20251225_161549,mistralai/devstral-2512:free,2,23,614.50,1078.75,1.62,2.75,21.50,22.50
20251225_161549,mistralai/devstral-2512:free,2,24,636.80,1164.75,1.62,2.75,22.00,22.75
20251225_161549,mistralai/devstral-2512:free,2,25,662.90,1283.75,1.62,2.81,22.00,20.75
20251225_161549,mistralai/devstral-2512:free,2,26,684.80,1374.15,1.62,2.56,23.00,21.00
20251225_161549,mistralai/devstral-2512:free,2,27,711.10,1484.85,1.62,2.81,23.75,21.00
20251225_161549,mistralai/devstral-2512:free,2,28,751.85,1591.60,1.62,3.12,21.00,21.50
20251225_161549,mistralai/devstral-2512:free,2,29,785.30,1685.25,1.62,3.12,20.00,24.00
20251225_161549,mistralai/devstral-2512:free,2,30,821.25,1763.00,1.62,2.29,21.25,21.75
20251225_161549,mistralai/devstral-2512:free,2,31,843.30,1811.50,1.62,2.30,23.25,24.50
20251225_161549,mistralai/devstral-2512:free,2,32,861.20,1869.25,1.62,2.14,24.00,23.25
20251225_161549,mistralai/devstral-2512:free,2,33,878.25,1943.25,1.62,2.35,25.50,21.50
20251225_161549,mistralai/devstral-2512:free,2,34,912.40,2010.65,1.62,2.35,23.25,22.75
20251225_161549,mistralai/devstral-2512:free,2,35,925.70,2085.80,1.62,2.11,23.00,19.50
20251225_161549,mistralai/devstral-2512:free,2,36,960.45,2133.20,1.62,2.29,21.50,23.25
20251225_161549,mistralai/devstral-2512:free,2,37,981.65,2201.00,1.62,2.51,23.50,22.00
20251225_161549,mistralai/devstral-2512:free,2,38,1015.90,2273.25,1.62,2.70,22.00,24.25
20251225_161549,mistralai/devstral-2512:free,2,39,1041.90,2347.85,1.62,2.89,22.75,24.75
20251225_161549,mistralai/devstral-2512:free,2,40,1056.65,2440.30,1.62,3.05,24.50,23.25
20251225_161549,mistralai/devstral-2512:free,2,41,1092.35,2565.15,1.62,3.24,22.00,21.00
20251225_161549,mistralai/devstral-2512:free,2,42,1109.85,2652.95,1.62,3.45,24.50,24.25
20251225_161549,mistralai/devstral-2512:free,2,43,1117.00,2771.65,1.62,3.42,26.50,23.50
20251225_161549,mistralai/devstral-2512:free,2,44,1164.45,2816.85,1.62,3.17,21.00,27.75
20251225_161549,mistralai/devstral-2512:free,2,45,1196.75,2945.80,1.62,3.58,21.50,23.75
20251225_161549,mistralai/devstral-2512:free,2,46,1211.75,3059.80,1.62,3.66,22.75,23.75
20251225_161549,mistralai/devstral-2512:free,2,47,1239.65,3198.05,1.62,3.90,23.25,23.50
20251225_161549,mistralai/devstral-2512:free,2,48,1260.65,3303.10,1.62,3.25,23.50,23.25
20251225_161549,mistralai/devstral-2512:free,2,49,1305.90,3422.30,1.62,3.38,19.50,22.75
20251225_161549,mistralai/devstral-2512:free,2,50,1321.75,3558.90,1.62,3.50,23.50,22.50
20251225_161549,mistralai/devstral-2512:free,2,51,1359.45,3642.85,1.62,3.75,22.25,26.75
20251225_161549,mistralai/devstral-2512:free,2,52,1396.60,3765.10,1.62,4.00,21.25,25.00
20251225_162326,mistralai/devstral-2512:free,3,1,-25.25,-26.25,1.62,1.62,24.75,23.25
20251225_162326,mistralai/devstral-2512:free,3,2,13.95,-2.00,1.62,1.81,21.00,24.75
20251225_162326,mistralai/devstral-2512:free,3,3,34.30,40.20,1.62,1.62,23.00,21.75
20251225_162326,mistralai/devstral-2512:free,3,4,49.45,87.20,1.62,1.62,25.50,19.00
20251225_162326,mistralai/devstral-2512:free,3,5,55.90,105.65,1.62,1.75,26.25,23.75
20251225_162326,mistralai/devstral-2512:free,3,6,89.40,150.10,1.62,1.94,23.00,23.25
20251225_162326,mistralai/devstral-2512:free,3,7,117.55,189.60,1.62,2.12,22.25,23.25
20251225_162326,mistralai/devstral-2512:free,3,8,132.40,204.85,1.62,2.00,24.75,27.25
20251225_162326,mistralai/devstral-2512:free,3,9,153.80,271.20,1.62,2.19,23.75,21.75
20251225_162326,mistralai/devstral-2512:free,3,10,203.95,335.85,1.62,2.24,18.75,22.25
20251225_162326,mistralai/devstral-2512:free,3,11,212.60,408.65,1.62,2.45,23.75,21.00
20251225_162326,mistralai/devstral-2512:free,3,12,255.30,488.75,1.62,2.64,21.50,20.50
20251225_162326,mistralai/devstral-2512:free,3,13,293.00,559.20,1.62,2.45,21.00,23.75
20251225_162326,mistralai/devstral-2512:free,3,14,316.95,627.35,1.62,2.46,22.50,22.00
20251225_162326,mistralai/devstral-2512:free,3,15,338.05,682.45,1.62,2.49,23.75,24.00
20251225_162326,mistralai/devstral-2512:free,3,16,371.25,736.05,1.62,2.58,21.25,25.50
20251225_162326,mistralai/devstral-2512:free,3,17,399.05,806.45,1.62,2.81,22.00,24.50
20251225_162326,mistralai/devstral-2512:free,3,18,421.65,945.15,1.62,2.94,23.25,19.00
20251225_162326,mistralai/devstral-2512:free,3,19,467.15,1014.25,1.62,2.75,20.75,23.00
20251225_162326,mistralai/devstral-2512:free,3,20,482.80,1105.95,1.62,2.88,22.50,23.25
20251225_162326,mistralai/devstral-2512:free,3,21,519.50,1195.70,1.62,2.46,20.00,20.75
20251225_162326,mistralai/devstral-2512:free,3,22,547.45,1269.20,1.62,2.64,20.50,23.00
20251225_162326,mistralai/devstral-2512:free,3,23,586.25,1380.10,1.62,2.64,20.25,20.25
20251225_162326,mistralai/devstral-2512:free,3,24,625.95,1467.40,1.62,2.83,18.75,23.50
20251225_162326,mistralai/devstral-2512:free,3,25,658.95,1530.55,1.62,2.70,21.00,24.25
20251225_162326,mistralai/devstral-2512:free,3,26,686.30,1645.65,1.62,2.70,21.75,21.00
20251225_162326,mistralai/devstral-2512:free,3,27,718.80,1739.90,1.62,2.83,22.25,21.50
20251225_162326,mistralai/devstral-2512:free,3,28,737.10,1788.85,1.62,2.36,22.00,24.25
20251225_162326,mistralai/devstral-2512:free,3,29,774.75,1862.95,1.62,2.21,22.25,22.00
20251225_162326,mistralai/devstral-2512:free,3,30,805.05,1938.00,1.62,2.48,21.00,21.50
20251225_162326,mistralai/devstral-2512:free,3,31,832.20,2018.40,1.62,2.65,22.50,22.50
20251225_162326,mistralai/devstral-2512:free,3,32,858.20,2068.95,1.62,2.17,23.75,23.50
20251225_162326,mistralai/devstral-2512:free,3,33,872.60,2115.50,1.62,2.05,24.00,24.00
20251225_162326,mistralai/devstral-2512:free,3,34,896.50,2183.80,1.62,2.14,23.50,21.75
20251225_162326,mistralai/devstral-2512:free,3,35,928.65,2294.75,1.62,2.27,23.00,17.00
20251225_162326,mistralai/devstral-2512:free,3,36,974.75,2319.40,1.62,2.27,20.25,25.00
20251225_162326,mistralai/devstral-2512:free,3,37,986.00,2361.45,1.62,2.42,24.75,26.25
20251225_162326,mistralai/devstral-2512:free,3,38,1033.05,2446.85,1.62,2.65,20.00,23.00
20251225_162326,mistralai/devstral-2512:free,3,39,1050.50,2557.90,1.62,2.80,24.00,21.75
20251225_162326,mistralai/devstral-2512:free,3,40,1095.00,2622.70,1.62,2.41,19.25,22.25
20251225_162326,mistralai/devstral-2512:free,3,41,1121.25,2661.95,1.62,2.39,22.75,26.00
20251225_162326,mistralai/devstral-2512:free,3,42,1153.05,2729.60,1.62,2.51,22.75,23.75
20251225_162326,mistralai/devstral-2512:free,3,43,1186.30,2763.35,1.62,2.41,21.75,27.50
20251225_162326,mistralai/devstral-2512:free,3,44,1191.45,2806.25,1.62,2.26,25.50,25.00
20251225_162326,mistralai/devstral-2512:free,3,45,1215.85,2876.80,1.62,2.26,23.25,22.25
20251225_162326,mistralai/devstral-2512:free,3,46,1239.25,2915.55,1.62,2.44,24.00,25.50
20251225_162326,mistralai/devstral-2512:free,3,47,1278.10,2981.15,1.62,2.60,19.50,24.00
20251225_162326,mistralai/devstral-2512:free,3,48,1315.05,3069.35,1.62,2.51,20.25,22.00
20251225_162326,mistralai/devstral-2512:free,3,49,1361.20,3159.85,1.62,2.75,19.25,22.00
20251225_162326,mistralai/devstral-2512:free,3,50,1381.95,3240.55,1.62,2.96,21.50,23.00
20251225_162326,mistralai/devstral-2512:free,3,51,1395.85,3354.80,1.62,3.20,24.75,21.75
20251225_162326,mistralai/devstral-2512:free,3,52,1430.20,3428.15,1.62,3.34,23.50,26.00
20251225_163145,mistralai/devstral-2512:free,4,1,-20.75,-15.50,1.62,1.62,23.50,21.00
20251225_163145,mistralai/devstral-2512:free,4,2,6.75,4.75,1.62,1.81,22.00,24.25
20251225_163145,mistralai/devstral-2512:free,4,3,4.45,43.40,1.62,1.99,26.75,25.00
20251225_163145,mistralai/devstral-2512:free,4,4,52.40,92.30,1.62,1.99,21.50,23.00
20251225_163145,mistralai/devstral-2512:free,4,5,74.90,131.60,1.62,2.15,22.75,23.25
20251225_163145,mistralai/devstral-2512:free,4,6,125.05,192.25,1.62,2.34,19.75,23.25
20251225_163145,mistralai/devstral-2512:free,4,7,164.65,268.70,1.62,2.54,19.75,22.75
20251225_163145,mistralai/devstral-2512:free,4,8,176.50,349.90,1.62,2.60,23.75,22.50
20251225_163145,mistralai/devstral-2512:free,4,9,210.20,381.95,1.62,2.60,21.75,26.75
20251225_163145,mistralai/devstral-2512:free,4,10,250.20,484.35,1.62,2.81,19.50,23.75
20251225_163145,mistralai/devstral-2512:free,4,11,275.95,569.70,1.62,2.81,22.25,21.25
20251225_163145,mistralai/devstral-2512:free,4,12,309.70,628.85,1.62,2.94,21.50,25.50
20251225_163145,mistralai/devstral-2512:free,4,13,319.75,726.30,1.62,3.06,24.75,23.25
20251225_163145,mistralai/devstral-2512:free,4,14,338.60,832.85,1.62,3.31,24.00,23.25
20251225_163145,mistralai/devstral-2512:free,4,15,396.30,878.60,1.62,3.12,19.25,27.25
20251225_163145,mistralai/devstral-2512:free,4,16,412.60,1033.50,1.62,3.44,21.00,22.25
20251225_163145,mistralai/devstral-2512:free,4,17,439.75,1128.85,1.62,3.25,23.25,24.50
20251225_163145,mistralai/devstral-2512:free,4,18,456.60,1208.20,1.62,3.45,24.50,25.50
20251225_163145,mistralai/devstral-2512:free,4,19,478.45,1352.40,1.62,3.54,23.00,21.75
20251225_163145,mistralai/devstral-2512:free,4,20,521.75,1519.20,1.62,3.77,21.50,21.75
20251225_163145,mistralai/devstral-2512:free,4,21,550.15,1668.65,1.62,4.00,21.00,21.75
20251225_163145,mistralai/devstral-2512:free,4,22,598.70,1796.35,1.62,3.88,18.00,24.00
20251225_163145,mistralai/devstral-2512:free,4,23,610.75,1923.55,1.62,3.60,23.25,23.25
20251225_163145,mistralai/devstral-2512:free,4,24,647.75,2005.60,1.62,3.48,21.75,26.00
20251225_163145,mistralai/devstral-2512:free,4,25,667.25,2109.35,1.62,3.35,22.25,24.75
20251225_163145,mistralai/devstral-2512:free,4,26,699.45,2230.20,1.62,3.56,22.25,23.75
20251225_163145,mistralai/devstral-2512:free,4,27,732.95,2353.50,1.62,3.81,20.50,24.00
20251225_163145,mistralai/devstral-2512:free,4,28,758.60,2514.45,1.62,3.94,23.25,22.75
20251225_163145,mistralai/devstral-2512:free,4,29,752.15,2663.55,1.62,4.10,27.25,22.25
20251225_163145,mistralai/devstral-2512:free,4,30,818.75,2799.10,1.62,4.50,19.00,24.50
20251225_163145,mistralai/devstral-2512:free,4,31,831.75,2876.55,1.62,3.85,22.50,27.25
20251225_163145,mistralai/devstral-2512:free,4,32,862.55,2981.55,1.62,3.81,22.25,25.75
20251225_163145,mistralai/devstral-2512:free,4,33,906.85,3089.70,1.62,3.58,20.25,24.75
20251225_163145,mistralai/devstral-2512:free,4,34,949.45,3326.05,1.62,3.92,19.50,19.00
20251225_163145,mistralai/devstral-2512:free,4,35,970.25,3471.05,1.62,4.14,21.50,23.25
20251225_163145,mistralai/devstral-2512:free,4,36,1015.40,3660.30,1.62,4.29,19.25,22.00
20251225_163145,mistralai/devstral-2512:free,4,37,1059.40,3852.10,1.62,4.47,19.50,22.25
20251225_163145,mistralai/devstral-2512:free,4,38,1078.75,3985.15,1.62,4.70,21.00,25.00
20251225_163145,mistralai/devstral-2512:free,4,39,1122.80,4176.25,1.62,5.12,20.00,23.50
20251225_163145,mistralai/devstral-2512:free,4,40,1151.45,4360.85,1.62,5.12,21.75,24.25
20251225_163145,mistralai/devstral-2512:free,4,41,1187.20,4587.40,1.62,5.38,20.75,23.25
20251225_163145,mistralai/devstral-2512:free,4,42,1235.10,4834.35,1.62,5.12,20.00,21.25
20251225_163145,mistralai/devstral-2512:free,4,43,1243.20,5011.55,1.62,5.19,23.50,24.00
20251225_163145,mistralai/devstral-2512:free,4,44,1296.45,5176.00,1.62,4.88,19.50,25.00
20251225_163145,mistralai/devstral-2512:free,4,45,1338.45,5358.85,1.62,5.12,19.25,25.50
20251225_163145,mistralai/devstral-2512:free,4,46,1359.45,5514.15,1.62,4.97,21.50,25.00
20251225_163145,mistralai/devstral-2512:free,4,47,1392.25,5685.85,1.62,5.00,20.75,24.25
20251225_163145,mistralai/devstral-2512:free,4,48,1419.10,5882.60,1.62,5.00,23.00,23.50
20251225_163145,mistralai/devstral-2512:free,4,49,1457.60,5975.50,1.62,4.35,20.25,26.00
20251225_163145,mistralai/devstral-2512:free,4,50,1504.00,6106.20,1.62,4.15,19.75,25.25
20251225_163145,mistralai/devstral-2512:free,4,51,1530.90,6281.90,1.62,4.50,21.75,22.50
20251225_163145,mistralai/devstral-2512:free,4,52,1575.60,6485.20,1.62,4.75,19.25,22.00
20251225_163953,mistralai/devstral-2512:free,5,1,-11.50,-17.25,1.62,1.62,21.75,23.50
20251225_163953,mistralai/devstral-2512:free,5,2,11.35,7.50,1.62,1.76,22.25,22.75
20251225_163953,mistralai/devstral-2512:free,5,3,34.45,35.15,1.62,1.82,23.00,24.25
20251225_163953,mistralai/devstral-2512:free,5,4,68.60,66.80,1.62,1.94,22.25,24.25
20251225_163953,mistralai/devstral-2512:free,5,5,94.75,114.00,1.62,1.79,23.00,22.25
20251225_163953,mistralai/devstral-2512:free,5,6,134.05,134.35,1.62,1.76,21.00,24.75
20251225_163953,mistralai/devstral-2512:free,5,7,150.40,185.15,1.62,1.85,23.25,22.75
20251225_163953,mistralai/devstral-2512:free,5,8,192.30,196.80,1.62,1.93,21.50,26.25
20251225_163953,mistralai/devstral-2512:free,5,9,200.65,246.30,1.62,2.06,24.25,23.00
20251225_163953,mistralai/devstral-2512:free,5,10,233.00,308.70,1.62,2.16,22.25,22.00
20251225_163953,mistralai/devstral-2512:free,5,11,263.65,355.35,1.62,2.08,22.00,21.75
20251225_163953,mistralai/devstral-2512:free,5,12,279.10,410.15,1.62,2.24,25.00,23.00
20251225_163953,mistralai/devstral-2512:free,5,13,311.50,479.90,1.62,2.16,21.25,22.75
20251225_163953,mistralai/devstral-2512:free,5,14,326.25,534.00,1.62,2.30,24.50,23.25
20251225_163953,mistralai/devstral-2512:free,5,15,371.75,605.10,1.62,2.45,20.75,22.50
20251225_163953,mistralai/devstral-2512:free,5,16,387.35,644.90,1.62,2.69,23.25,26.75
20251225_163953,mistralai/devstral-2512:free,5,17,432.95,774.30,1.62,2.73,20.25,20.25
20251225_163953,mistralai/devstral-2512:free,5,18,464.20,806.50,1.62,2.89,19.50,27.75
20251225_163953,mistralai/devstral-2512:free,5,19,466.50,869.55,1.62,2.75,25.25,25.00
20251225_163953,mistralai/devstral-2512:free,5,20,521.25,969.40,1.62,2.98,20.25,23.50
20251225_163953,mistralai/devstral-2512:free,5,21,544.70,1108.65,1.62,3.19,21.75,20.75
20251225_163953,mistralai/devstral-2512:free,5,22,577.85,1188.95,1.62,3.44,21.25,25.75
20251225_163953,mistralai/devstral-2512:free,5,23,619.20,1289.90,1.62,2.88,20.50,23.25
20251225_163953,mistralai/devstral-2512:free,5,24,640.05,1382.65,1.62,3.12,23.00,24.00
20251225_163953,mistralai/devstral-2512:free,5,25,676.00,1477.80,1.62,3.12,20.75,24.50
20251225_163953,mistralai/devstral-2512:free,5,26,719.85,1631.85,1.62,3.38,19.25,21.00
20251225_163953,mistralai/devstral-2512:free,5,27,743.75,1765.05,1.62,3.50,21.50,22.00
20251225_163953,mistralai/devstral-2512:free,5,28,780.00,1889.45,1.62,3.75,21.75,24.00
20251225_163953,mistralai/devstral-2512:free,5,29,825.45,1981.45,1.62,3.75,18.25,26.25
20251225_163953,mistralai/devstral-2512:free,5,30,855.30,2142.20,1.62,3.91,21.50,22.75
20251225_163953,mistralai/devstral-2512:free,5,31,876.15,2310.00,1.62,3.39,23.25,19.00
20251225_163953,mistralai/devstral-2512:free,5,32,897.75,2398.45,1.62,3.75,23.50,25.75
20251225_163953,mistralai/devstral-2512:free,5,33,935.30,2537.90,1.62,3.29,22.00,22.25
20251225_163953,mistralai/devstral-2512:free,5,34,965.50,2615.95,1.62,3.08,21.75,25.00
20251225_163953,mistralai/devstral-2512:free,5,35,1007.95,2782.10,1.62,3.38,20.50,20.00
20251225_163953,mistralai/devstral-2512:free,5,36,1059.05,2911.45,1.62,3.62,17.50,23.25
20251225_163953,mistralai/devstral-2512:free,5,37,1084.20,3068.05,1.62,4.00,21.50,22.75
20251225_163953,mistralai/devstral-2512:free,5,38,1111.90,3213.55,1.62,3.62,20.75,22.50
20251225_163953,mistralai/devstral-2512:free,5,39,1166.10,3378.90,1.62,3.81,18.00,21.50
20251225_163953,mistralai/devstral-2512:free,5,40,1196.10,3498.25,1.62,3.25,19.50,22.75
20251225_163953,mistralai/devstral-2512:free,5,41,1235.55,3591.35,1.62,3.56,20.00,24.50
20251225_163953,mistralai/devstral-2512:free,5,42,1267.00,3696.65,1.62,3.75,21.75,25.25
20251225_163953,mistralai/devstral-2512:free,5,43,1299.75,3867.20,1.62,4.06,21.25,22.75
20251225_163953,mistralai/devstral-2512:free,5,44,1341.35,4030.90,1.62,4.38,20.75,24.75
20251225_163953,mistralai/devstral-2512:free,5,45,1371.20,4288.50,1.62,4.50,21.00,21.25
20251225_163953,mistralai/devstral-2512:free,5,46,1368.65,4471.50,1.62,4.83,26.50,24.25
20251225_163953,mistralai/devstral-2512:free,5,47,1415.25,4646.20,1.62,3.42,21.50,19.75
20251225_163953,mistralai/devstral-2512:free,5,48,1432.65,4766.70,1.62,3.79,23.25,23.25
20251225_163953,mistralai/devstral-2512:free,5,49,1476.75,4897.45,1.62,3.74,21.00,23.00
20251225_163953,mistralai/devstral-2512:free,5,50,1491.40,5084.40,1.62,3.95,23.50,21.00
20251225_163953,mistralai/devstral-2512:free,5,51,1520.80,5174.40,1.62,2.67,22.50,22.25
20251225_163953,mistralai/devstral-2512:free,5,52,1521.15,5261.70,1.62,2.70,26.25,22.75
20251225_170426,nex-agi/deepseek-v3.1-nex-n1:free,1,1,-16.00,-33.50,1.62,1.62,21.50,24.50
20251225_170426,nex-agi/deepseek-v3.1-nex-n1:free,1,2,8.30,11.10,1.62,1.71,22.50,21.75
20251225_170426,nex-agi/deepseek-v3.1-nex-n1:free,1,3,43.10,33.70,1.62,1.74,22.25,24.50
20251225_170426,nex-agi/deepseek-v3.1-nex-n1:free,1,4,70.60,87.65,1.62,1.74,21.00,20.25
20251225_170426,nex-agi/deepseek-v3.1-nex-n1:free,1,5,92.40,104.30,1.62,1.77,23.50,22.75
20251225_170426,nex-agi/deepseek-v3.1-nex-n1:free,1,6,121.45,150.10,1.62,1.81,23.00,21.50
20251225_170426,nex-agi/deepseek-v3.1-nex-n1:free,1,7,156.55,182.45,1.62,1.81,20.00,23.00
20251225_170426,nex-agi/deepseek-v3.1-nex-n1:free,1,8,204.30,225.70,1.62,1.88,20.00,21.75
20251225_170426,nex-agi/deepseek-v3.1-nex-n1:free,1,9,233.80,264.30,1.62,1.91,20.75,23.50
20251225_170426,nex-agi/deepseek-v3.1-nex-n1:free,1,10,260.35,306.40,1.62,1.91,22.25,22.75
20251225_170426,nex-agi/deepseek-v3.1-nex-n1:free,1,11,295.00,367.90,1.62,1.93,21.75,19.25
20251225_170426,nex-agi/deepseek-v3.1-nex-n1:free,1,12,325.90,389.05,1.62,1.96,21.25,25.25
20251225_170426,nex-agi/deepseek-v3.1-nex-n1:free,1,13,345.80,439.36,1.62,2.00,22.75,23.50
20251225_170426,nex-agi/deepseek-v3.1-nex-n1:free,1,14,363.95,488.86,1.62,2.04,24.25,22.75
20251225_170426,nex-agi/deepseek-v3.1-nex-n1:free,1,15,409.90,553.60,1.62,2.04,20.00,21.25
20251225_170426,nex-agi/deepseek-v3.1-nex-n1:free,1,16,438.95,585.76,1.62,2.01,23.00,23.75
20251225_170426,nex-agi/deepseek-v3.1-nex-n1:free,1,17,467.70,646.21,1.62,2.06,21.25,22.25
20251225_170426,nex-agi/deepseek-v3.1-nex-n1:free,1,18,486.85,687.76,1.62,2.06,22.75,22.75
20251225_170426,nex-agi/deepseek-v3.1-nex-n1:free,1,19,519.35,731.01,1.62,2.06,22.50,23.25
20251225_170426,nex-agi/deepseek-v3.1-nex-n1:free,1,20,533.35,766.01,1.62,2.06,25.00,25.25
20251225_170426,nex-agi/deepseek-v3.1-nex-n1:free,1,21,559.15,796.21,1.62,1.94,22.75,26.00
20251225_170426,nex-agi/deepseek-v3.1-nex-n1:free,1,22,582.50,858.81,1.62,1.94,22.50,20.25
20251225_170426,nex-agi/deepseek-v3.1-nex-n1:free,1,23,614.60,912.01,1.62,1.88,23.25,19.25
20251225_170426,nex-agi/deepseek-v3.1-nex-n1:free,1,24,626.10,933.76,1.62,1.88,24.75,25.00
20251225_170426,nex-agi/deepseek-v3.1-nex-n1:free,1,25,670.20,976.96,1.62,1.81,20.25,21.75
20251225_170426,nex-agi/deepseek-v3.1-nex-n1:free,1,26,687.95,1016.05,1.62,1.81,23.00,22.25
20251225_170426,nex-agi/deepseek-v3.1-nex-n1:free,1,27,718.10,1083.53,1.62,1.82,22.50,18.75
20251225_170426,nex-agi/deepseek-v3.1-nex-n1:free,1,28,738.80,1145.60,1.62,1.83,22.75,18.75
20251225_170426,nex-agi/deepseek-v3.1-nex-n1:free,1,29,772.50,1207.09,1.62,1.83,22.50,18.75
20251225_170426,nex-agi/deepseek-v3.1-nex-n1:free,1,30,822.50,1218.79,1.62,1.89,19.75,24.75
20251225_170426,nex-agi/deepseek-v3.1-nex-n1:free,1,31,836.10,1264.79,1.62,1.93,23.25,23.25
20251225_170426,nex-agi/deepseek-v3.1-nex-n1:free,1,32,882.45,1302.49,1.62,1.89,21.00,23.25
20251225_170426,nex-agi/deepseek-v3.1-nex-n1:free,1,33,918.95,1339.49,1.62,1.90,20.25,23.50
20251225_170426,nex-agi/deepseek-v3.1-nex-n1:free,1,34,942.30,1385.19,1.62,1.96,21.50,22.50
20251225_170426,nex-agi/deepseek-v3.1-nex-n1:free,1,35,973.00,1448.39,1.62,1.96,23.25,20.00
20251225_170426,nex-agi/deepseek-v3.1-nex-n1:free,1,36,999.75,1504.34,1.62,1.99,22.25,20.25
20251225_170426,nex-agi/deepseek-v3.1-nex-n1:free,1,37,1029.00,1543.29,1.62,1.96,21.75,22.75
20251225_170426,nex-agi/deepseek-v3.1-nex-n1:free,1,38,1083.35,1614.64,1.62,1.96,18.75,20.75
20251225_170426,nex-agi/deepseek-v3.1-nex-n1:free,1,39,1094.30,1644.34,1.62,2.04,22.25,24.00
20251225_170426,nex-agi/deepseek-v3.1-nex-n1:free,1,40,1113.55,1681.99,1.62,2.00,23.75,24.00
20251225_170426,nex-agi/deepseek-v3.1-nex-n1:free,1,41,1152.00,1746.19,1.62,2.08,22.25,22.00
20251225_170426,nex-agi/deepseek-v3.1-nex-n1:free,1,42,1189.00,1784.64,1.62,2.10,20.25,23.50
20251225_170426,nex-agi/deepseek-v3.1-nex-n1:free,1,43,1208.40,1846.54,1.62,2.16,23.25,22.00
20251225_170426,nex-agi/deepseek-v3.1-nex-n1:free,1,44,1254.20,1952.69,1.62,2.26,20.25,18.50
20251225_170426,nex-agi/deepseek-v3.1-nex-n1:free,1,45,1286.20,2023.49,1.62,2.29,20.75,20.00
20251225_170426,nex-agi/deepseek-v3.1-nex-n1:free,1,46,1304.00,2081.44,1.62,2.29,23.25,22.75
20251225_170426,nex-agi/deepseek-v3.1-nex-n1:free,1,47,1355.30,2129.24,1.62,2.38,19.00,25.00
20251225_170426,nex-agi/deepseek-v3.1-nex-n1:free,1,48,1368.50,2184.49,1.62,2.42,23.50,24.50
20251225_170426,nex-agi/deepseek-v3.1-nex-n1:free,1,49,1434.00,2276.14,1.62,2.49,17.50,22.25
20251225_170426,nex-agi/deepseek-v3.1-nex-n1:free,1,50,1453.50,2339.54,1.62,2.64,22.25,23.50
20251225_170426,nex-agi/deepseek-v3.1-nex-n1:free,1,51,1478.90,2458.84,1.62,2.84,22.50,21.00
20251225_170426,nex-agi/deepseek-v3.1-nex-n1:free,1,52,1500.95,2536.34,1.62,2.94,23.50,23.00
20251225_173355,nex-agi/deepseek-v3.1-nex-n1:free,2,1,-30.50,-17.25,1.62,1.62,23.50,22.25
20251225_173355,nex-agi/deepseek-v3.1-nex-n1:free,2,2,-3.00,23.95,1.62,1.88,23.00,21.75
20251225_173355,nex-agi/deepseek-v3.1-nex-n1:free,2,3,23.35,87.80,1.62,2.12,23.00,21.00
20251225_173355,nex-agi/deepseek-v3.1-nex-n1:free,2,4,80.50,146.30,1.62,2.19,18.75,22.25
20251225_173355,nex-agi/deepseek-v3.1-nex-n1:free,2,5,79.15,206.20,1.62,2.19,25.50,22.00
20251225_173355,nex-agi/deepseek-v3.1-nex-n1:free,2,6,137.60,255.70,1.62,2.24,18.50,22.50
20251225_173355,nex-agi/deepseek-v3.1-nex-n1:free,2,7,150.80,287.55,1.62,2.11,23.00,25.75
20251225_173355,nex-agi/deepseek-v3.1-nex-n1:free,2,8,188.15,370.95,1.62,2.12,22.00,20.00
20251225_173355,nex-agi/deepseek-v3.1-nex-n1:free,2,9,202.85,401.75,1.62,2.27,23.75,25.50
20251225_173355,nex-agi/deepseek-v3.1-nex-n1:free,2,10,239.50,481.45,1.62,2.36,21.25,21.50
20251225_173355,nex-agi/deepseek-v3.1-nex-n1:free,2,11,277.20,528.25,1.62,2.36,21.50,24.25
20251225_173355,nex-agi/deepseek-v3.1-nex-n1:free,2,12,294.75,567.25,1.62,2.36,23.25,26.25
20251225_173355,nex-agi/deepseek-v3.1-nex-n1:free,2,13,299.50,650.95,1.62,2.30,26.75,21.75
20251225_173355,nex-agi/deepseek-v3.1-nex-n1:free,2,14,336.85,752.50,1.62,2.30,22.75,18.75
20251225_173355,nex-agi/deepseek-v3.1-nex-n1:free,2,15,373.05,824.10,1.62,2.34,20.25,20.25
20251225_173355,nex-agi/deepseek-v3.1-nex-n1:free,2,16,396.30,877.70,1.62,2.36,21.75,24.25
20251225_173355,nex-agi/deepseek-v3.1-nex-n1:free,2,17,419.90,957.61,1.62,2.26,22.00,21.00
20251225_173355,nex-agi/deepseek-v3.1-nex-n1:free,2,18,456.20,1027.00,1.62,2.26,22.50,20.75
20251225_173355,nex-agi/deepseek-v3.1-nex-n1:free,2,19,496.15,1075.59,1.62,2.19,19.50,23.00
20251225_173355,nex-agi/deepseek-v3.1-nex-n1:free,2,20,514.30,1140.99,1.62,2.24,23.50,21.75
20251225_173355,nex-agi/deepseek-v3.1-nex-n1:free,2,21,545.55,1187.39,1.62,2.18,22.50,24.25
20251225_173355,nex-agi/deepseek-v3.1-nex-n1:free,2,22,564.00,1243.04,1.62,2.21,23.50,23.50
20251225_173355,nex-agi/deepseek-v3.1-nex-n1:free,2,23,574.15,1293.54,1.62,2.24,24.75,24.25
20251225_173355,nex-agi/deepseek-v3.1-nex-n1:free,2,24,620.35,1357.54,1.62,2.26,22.25,22.50
20251225_173355,nex-agi/deepseek-v3.1-nex-n1:free,2,25,668.60,1414.74,1.62,2.34,18.25,23.00
20251225_173355,nex-agi/deepseek-v3.1-nex-n1:free,2,26,705.00,1482.44,1.62,2.34,20.25,22.25
20251225_173355,nex-agi/deepseek-v3.1-nex-n1:free,2,27,734.40,1530.54,1.62,2.30,21.50,24.50
20251225_173355,nex-agi/deepseek-v3.1-nex-n1:free,2,28,790.75,1590.84,1.62,2.38,17.50,23.00
20251225_173355,nex-agi/deepseek-v3.1-nex-n1:free,2,29,804.95,1663.39,1.62,2.27,22.25,22.25
20251225_173355,nex-agi/deepseek-v3.1-nex-n1:free,2,30,840.80,1735.79,1.62,2.27,21.25,21.25
20251225_173355,nex-agi/deepseek-v3.1-nex-n1:free,2,31,887.25,1772.84,1.62,2.20,19.75,24.25
20251225_173355,nex-agi/deepseek-v3.1-nex-n1:free,2,32,912.25,1851.79,1.62,2.20,21.75,19.25
20251225_173355,nex-agi/deepseek-v3.1-nex-n1:free,2,33,940.00,1873.58,1.62,1.82,22.25,24.50
20251225_173355,nex-agi/deepseek-v3.1-nex-n1:free,2,34,961.10,1909.66,1.62,1.78,23.00,23.50
20251225_173355,nex-agi/deepseek-v3.1-nex-n1:free,2,35,1011.25,1951.60,1.62,1.78,20.25,21.75
20251225_173355,nex-agi/deepseek-v3.1-nex-n1:free,2,36,1021.15,1988.26,1.62,1.82,24.00,23.25
20251225_173355,nex-agi/deepseek-v3.1-nex-n1:free,2,37,1044.65,2000.85,1.62,1.81,23.00,26.00
20251225_173355,nex-agi/deepseek-v3.1-nex-n1:free,2,38,1086.40,2046.77,1.62,1.79,20.25,22.25
20251225_173355,nex-agi/deepseek-v3.1-nex-n1:free,2,39,1099.75,2081.12,1.62,1.60,23.75,22.50
20251225_173355,nex-agi/deepseek-v3.1-nex-n1:free,2,40,1127.60,2116.42,1.62,1.62,23.75,20.00
20251225_173355,nex-agi/deepseek-v3.1-nex-n1:free,2,41,1139.20,2148.17,1.62,1.66,26.50,21.25
20251225_173355,nex-agi/deepseek-v3.1-nex-n1:free,2,42,1177.20,2180.27,1.62,1.66,22.50,21.50
20251225_173355,nex-agi/deepseek-v3.1-nex-n1:free,2,43,1198.25,2209.52,1.62,1.66,22.50,22.50
20251225_173355,nex-agi/deepseek-v3.1-nex-n1:free,2,44,1232.45,2231.59,1.62,1.65,22.50,23.00
20251225_173355,nex-agi/deepseek-v3.1-nex-n1:free,2,45,1248.10,2270.12,1.62,1.70,23.25,22.25
20251225_173355,nex-agi/deepseek-v3.1-nex-n1:free,2,46,1282.15,2309.52,1.62,1.71,22.25,22.00
20251225_173355,nex-agi/deepseek-v3.1-nex-n1:free,2,47,1299.30,2331.97,1.62,1.71,24.25,22.25
20251225_173355,nex-agi/deepseek-v3.1-nex-n1:free,2,48,1327.00,2353.72,1.62,1.75,24.25,25.25
20251225_173355,nex-agi/deepseek-v3.1-nex-n1:free,2,49,1356.70,2373.57,1.62,1.82,21.50,26.50
20251225_173355,nex-agi/deepseek-v3.1-nex-n1:free,2,50,1366.05,2419.02,1.62,1.76,25.00,21.75
20251225_173355,nex-agi/deepseek-v3.1-nex-n1:free,2,51,1423.80,2461.27,1.62,1.76,20.00,22.25
20251225_173355,nex-agi/deepseek-v3.1-nex-n1:free,2,52,1445.75,2477.32,1.62,1.70,22.25,23.75
20251225_180037,nex-agi/deepseek-v3.1-nex-n1:free,3,1,-19.25,-4.25,1.62,1.62,23.25,20.00
20251225_180037,nex-agi/deepseek-v3.1-nex-n1:free,3,2,7.75,44.80,1.62,1.62,23.00,19.00
20251225_180037,nex-agi/deepseek-v3.1-nex-n1:free,3,3,27.85,64.25,1.62,1.71,22.75,23.00
20251225_180037,nex-agi/deepseek-v3.1-nex-n1:free,3,4,52.70,99.55,1.62,1.76,22.25,22.00
20251225_180037,nex-agi/deepseek-v3.1-nex-n1:free,3,5,84.90,165.45,1.62,1.82,22.50,19.00
20251225_180037,nex-agi/deepseek-v3.1-nex-n1:free,3,6,123.10,198.10,1.62,1.82,20.50,21.00
20251225_180037,nex-agi/deepseek-v3.1-nex-n1:free,3,7,159.15,239.45,1.62,1.77,21.50,21.50
20251225_180037,nex-agi/deepseek-v3.1-nex-n1:free,3,8,205.30,270.80,1.62,1.81,18.50,22.75
20251225_180037,nex-agi/deepseek-v3.1-nex-n1:free,3,9,243.75,312.30,1.62,1.89,20.75,22.75
20251225_180037,nex-agi/deepseek-v3.1-nex-n1:free,3,10,273.15,383.70,1.62,1.99,20.25,20.00
20251225_180037,nex-agi/deepseek-v3.1-nex-n1:free,3,11,292.20,428.05,1.62,2.01,22.50,20.75
20251225_180037,nex-agi/deepseek-v3.1-nex-n1:free,3,12,317.70,474.15,1.62,2.04,23.75,21.25
20251225_180037,nex-agi/deepseek-v3.1-nex-n1:free,3,13,338.75,505.50,1.62,2.04,23.50,24.75
20251225_180037,nex-agi/deepseek-v3.1-nex-n1:free,3,14,362.90,548.70,1.62,2.04,23.50,23.00
20251225_180037,nex-agi/deepseek-v3.1-nex-n1:free,3,15,369.05,601.45,1.62,2.06,26.25,21.50
20251225_180037,nex-agi/deepseek-v3.1-nex-n1:free,3,16,399.15,618.00,1.62,2.10,23.50,26.50
20251225_180037,nex-agi/deepseek-v3.1-nex-n1:free,3,17,442.60,648.25,1.62,2.09,20.00,26.25
20251225_180037,nex-agi/deepseek-v3.1-nex-n1:free,3,18,468.95,726.45,1.62,2.12,21.75,20.75
20251225_180037,nex-agi/deepseek-v3.1-nex-n1:free,3,19,498.55,743.05,1.62,2.11,22.00,25.25
20251225_180037,nex-agi/deepseek-v3.1-nex-n1:free,3,20,520.55,811.20,1.62,2.11,22.75,23.25
20251225_180037,nex-agi/deepseek-v3.1-nex-n1:free,3,21,545.65,843.90,1.62,2.11,23.50,25.75
20251225_180037,nex-agi/deepseek-v3.1-nex-n1:free,3,22,591.70,887.75,1.62,2.05,19.50,24.25
20251225_180037,nex-agi/deepseek-v3.1-nex-n1:free,3,23,620.85,935.20,1.62,2.00,21.00,23.00
20251225_180037,nex-agi/deepseek-v3.1-nex-n1:free,3,24,623.70,988.55,1.62,2.08,25.25,22.75
20251225_180037,nex-agi/deepseek-v3.1-nex-n1:free,3,25,686.90,1030.80,1.62,2.17,19.25,24.50
20251225_180037,nex-agi/deepseek-v3.1-nex-n1:free,3,26,711.50,1097.40,1.62,2.17,21.50,22.50
20251225_180037,nex-agi/deepseek-v3.1-nex-n1:free,3,27,728.15,1147.95,1.62,2.17,23.50,23.25
20251225_180037,nex-agi/deepseek-v3.1-nex-n1:free,3,28,746.10,1196.90,1.62,2.15,24.50,24.25
20251225_180037,nex-agi/deepseek-v3.1-nex-n1:free,3,29,766.85,1237.00,1.62,2.15,25.25,25.00
20251225_180037,nex-agi/deepseek-v3.1-nex-n1:free,3,30,783.95,1292.85,1.62,2.15,23.75,22.75
20251225_180037,nex-agi/deepseek-v3.1-nex-n1:free,3,31,810.40,1356.35,1.62,2.15,23.75,22.50
20251225_180037,nex-agi/deepseek-v3.1-nex-n1:free,3,32,842.65,1409.90,1.62,2.23,22.75,24.00
20251225_180037,nex-agi/deepseek-v3.1-nex-n1:free,3,33,887.90,1478.50,1.62,2.33,19.75,23.00
20251225_180037,nex-agi/deepseek-v3.1-nex-n1:free,3,34,918.60,1526.60,1.62,2.23,22.00,24.00
20251225_180037,nex-agi/deepseek-v3.1-nex-n1:free,3,35,938.05,1568.80,1.62,2.34,24.25,25.50
20251225_180037,nex-agi/deepseek-v3.1-nex-n1:free,3,36,965.60,1640.05,1.62,2.29,23.75,22.50
20251225_180037,nex-agi/deepseek-v3.1-nex-n1:free,3,37,1001.80,1657.20,1.62,2.49,20.50,28.25
20251225_180037,nex-agi/deepseek-v3.1-nex-n1:free,3,38,1020.10,1724.70,1.62,2.39,23.00,23.75
20251225_180037,nex-agi/deepseek-v3.1-nex-n1:free,3,39,1030.65,1819.40,1.62,2.39,25.50,20.50
20251225_180037,nex-agi/deepseek-v3.1-nex-n1:free,3,40,1067.35,1864.30,1.62,2.48,21.25,24.75
20251225_180037,nex-agi/deepseek-v3.1-nex-n1:free,3,41,1089.35,1975.10,1.62,2.48,24.00,19.25
20251225_180037,nex-agi/deepseek-v3.1-nex-n1:free,3,42,1127.70,2074.80,1.62,2.52,21.50,19.75
20251225_180037,nex-agi/deepseek-v3.1-nex-n1:free,3,43,1168.50,2150.80,1.62,2.52,20.25,22.50
20251225_180037,nex-agi/deepseek-v3.1-nex-n1:free,3,44,1199.70,2234.95,1.62,2.52,20.50,21.50
20251225_180037,nex-agi/deepseek-v3.1-nex-n1:free,3,45,1215.40,2301.60,1.62,2.52,23.75,23.50
20251225_180037,nex-agi/deepseek-v3.1-nex-n1:free,3,46,1252.30,2377.85,1.62,2.51,21.25,22.50
20251225_180037,nex-agi/deepseek-v3.1-nex-n1:free,3,47,1259.00,2432.75,1.62,2.49,24.25,25.00
20251225_180037,nex-agi/deepseek-v3.1-nex-n1:free,3,48,1292.25,2565.65,1.62,2.59,23.00,18.50
20251225_180037,nex-agi/deepseek-v3.1-nex-n1:free,3,49,1325.35,2655.05,1.62,2.55,22.75,20.75
20251225_180037,nex-agi/deepseek-v3.1-nex-n1:free,3,50,1367.00,2764.90,1.62,2.55,20.00,19.75
20251225_180037,nex-agi/deepseek-v3.1-nex-n1:free,3,51,1383.70,2831.00,1.62,2.67,22.50,23.00
20251225_180037,nex-agi/deepseek-v3.1-nex-n1:free,3,52,1414.25,2933.20,1.62,2.61,20.75,20.75
20251225_182641,nex-agi/deepseek-v3.1-nex-n1:free,4,1,-8.50,-26.00,1.62,1.62,20.25,22.50
20251225_182641,nex-agi/deepseek-v3.1-nex-n1:free,4,2,38.65,18.50,1.62,1.75,18.75,22.00
20251225_182641,nex-agi/deepseek-v3.1-nex-n1:free,4,3,77.50,45.95,1.62,1.81,19.00,23.25
20251225_182641,nex-agi/deepseek-v3.1-nex-n1:free,4,4,101.55,57.30,1.62,1.55,22.00,24.25
20251225_182641,nex-agi/deepseek-v3.1-nex-n1:free,4,5,125.40,88.15,1.62,1.50,23.75,21.75
20251225_182641,nex-agi/deepseek-v3.1-nex-n1:free,4,6,135.75,137.07,1.62,1.51,25.00,18.00
20251225_182641,nex-agi/deepseek-v3.1-nex-n1:free,4,7,168.05,163.47,1.62,1.52,21.25,20.25
20251225_182641,nex-agi/deepseek-v3.1-nex-n1:free,4,8,194.20,180.82,1.62,1.55,24.00,23.75
20251225_182641,nex-agi/deepseek-v3.1-nex-n1:free,4,9,232.05,206.42,1.62,1.55,20.75,22.50
20251225_182641,nex-agi/deepseek-v3.1-nex-n1:free,4,10,256.15,205.77,1.62,1.60,22.00,26.50
20251225_182641,nex-agi/deepseek-v3.1-nex-n1:free,4,11,276.20,261.52,1.62,1.59,23.50,18.50
20251225_182641,nex-agi/deepseek-v3.1-nex-n1:free,4,12,296.35,292.32,1.62,1.62,25.00,20.75
20251225_182641,nex-agi/deepseek-v3.1-nex-n1:free,4,13,299.75,324.02,1.62,1.66,25.75,21.25
20251225_182641,nex-agi/deepseek-v3.1-nex-n1:free,4,14,322.90,351.72,1.62,1.62,26.00,22.25
20251225_182641,nex-agi/deepseek-v3.1-nex-n1:free,4,15,348.20,385.02,1.62,1.62,23.50,23.00
20251225_182641,nex-agi/deepseek-v3.1-nex-n1:free,4,16,385.40,414.42,1.62,1.65,21.75,21.75
20251225_182641,nex-agi/deepseek-v3.1-nex-n1:free,4,17,416.60,439.87,1.62,1.61,22.00,22.50
20251225_182641,nex-agi/deepseek-v3.1-nex-n1:free,4,18,446.55,458.52,1.62,1.69,21.75,24.50
20251225_182641,nex-agi/deepseek-v3.1-nex-n1:free,4,19,480.25,480.32,1.62,1.71,22.00,24.25
20251225_182641,nex-agi/deepseek-v3.1-nex-n1:free,4,20,495.70,513.27,1.62,1.72,24.25,23.00
20251225_182641,nex-agi/deepseek-v3.1-nex-n1:free,4,21,508.30,565.82,1.62,1.75,25.00,21.00
20251225_182641,nex-agi/deepseek-v3.1-nex-n1:free,4,22,550.80,612.17,1.62,1.75,21.25,19.75
20251225_182641,nex-agi/deepseek-v3.1-nex-n1:free,4,23,613.45,645.42,1.62,1.77,17.50,22.50
20251225_182641,nex-agi/deepseek-v3.1-nex-n1:free,4,24,613.20,696.17,1.62,1.77,24.00,20.50
20251225_182641,nex-agi/deepseek-v3.1-nex-n1:free,4,25,645.40,731.52,1.62,1.80,22.50,23.25
20251225_182641,nex-agi/deepseek-v3.1-nex-n1:free,4,26,691.40,760.87,1.62,1.88,19.75,24.25
20251225_182641,nex-agi/deepseek-v3.1-nex-n1:free,4,27,708.70,801.87,1.62,1.98,22.50,23.25
20251225_182641,nex-agi/deepseek-v3.1-nex-n1:free,4,28,750.30,866.22,1.62,1.94,20.25,21.25
20251225_182641,nex-agi/deepseek-v3.1-nex-n1:free,4,29,757.80,900.12,1.62,1.94,25.00,24.50
20251225_182641,nex-agi/deepseek-v3.1-nex-n1:free,4,30,795.50,951.52,1.62,1.94,20.50,22.00
20251225_182641,nex-agi/deepseek-v3.1-nex-n1:free,4,31,816.50,999.82,1.62,1.98,24.25,22.75
20251225_182641,nex-agi/deepseek-v3.1-nex-n1:free,4,32,838.20,1068.22,1.62,1.98,23.75,21.50
20251225_182641,nex-agi/deepseek-v3.1-nex-n1:free,4,33,884.90,1114.12,1.62,2.01,19.75,21.50
20251225_182641,nex-agi/deepseek-v3.1-nex-n1:free,4,34,901.15,1161.52,1.62,2.11,23.25,24.25
20251225_182641,nex-agi/deepseek-v3.1-nex-n1:free,4,35,955.80,1196.17,1.62,2.09,19.00,25.00
20251225_182641,nex-agi/deepseek-v3.1-nex-n1:free,4,36,941.50,1246.02,1.62,2.09,27.00,23.50
20251225_182641,nex-agi/deepseek-v3.1-nex-n1:free,4,37,977.15,1282.87,1.62,2.15,23.00,25.00
20251225_182641,nex-agi/deepseek-v3.1-nex-n1:free,4,38,1008.65,1342.32,1.62,2.15,22.50,22.50
20251225_182641,nex-agi/deepseek-v3.1-nex-n1:free,4,39,1031.40,1423.22,1.62,2.15,23.00,19.25
20251225_182641,nex-agi/deepseek-v3.1-nex-n1:free,4,40,1072.30,1490.37,1.62,2.09,20.00,20.00
20251225_182641,nex-agi/deepseek-v3.1-nex-n1:free,4,41,1113.15,1570.07,1.62,2.14,20.75,19.25
20251225_182641,nex-agi/deepseek-v3.1-nex-n1:free,4,42,1128.70,1606.71,1.62,2.18,22.75,23.50
20251225_182641,nex-agi/deepseek-v3.1-nex-n1:free,4,43,1145.85,1680.61,1.62,2.21,23.50,22.25
20251225_182641,nex-agi/deepseek-v3.1-nex-n1:free,4,44,1168.95,1747.11,1.62,2.26,22.25,20.50
20251225_182641,nex-agi/deepseek-v3.1-nex-n1:free,4,45,1198.75,1840.91,1.62,2.35,23.00,19.00
20251225_182641,nex-agi/deepseek-v3.1-nex-n1:free,4,46,1219.70,1910.71,1.62,2.41,23.50,23.25
20251225_182641,nex-agi/deepseek-v3.1-nex-n1:free,4,47,1250.25,1968.41,1.62,2.41,22.75,24.50
20251225_182641,nex-agi/deepseek-v3.1-nex-n1:free,4,48,1267.70,2026.91,1.62,2.41,23.50,24.00
20251225_182641,nex-agi/deepseek-v3.1-nex-n1:free,4,49,1288.00,2087.46,1.62,2.50,24.25,24.50
20251225_182641,nex-agi/deepseek-v3.1-nex-n1:free,4,50,1337.70,2179.41,1.62,2.50,19.00,22.75
20251225_182641,nex-agi/deepseek-v3.1-nex-n1:free,4,51,1380.30,2261.66,1.62,2.58,19.50,22.75
20251225_182641,nex-agi/deepseek-v3.1-nex-n1:free,4,52,1396.05,2311.76,1.62,2.02,23.50,21.25
20251225_185126,nex-agi/deepseek-v3.1-nex-n1:free,5,1,-25.25,-27.00,1.62,1.62,24.00,23.00
20251225_185126,nex-agi/deepseek-v3.1-nex-n1:free,5,2,5.00,-2.05,1.62,1.65,22.50,23.50
20251225_185126,nex-agi/deepseek-v3.1-nex-n1:free,5,3,25.80,35.00,1.62,1.64,22.50,21.50
20251225_185126,nex-agi/deepseek-v3.1-nex-n1:free,5,4,55.20,46.15,1.62,1.73,21.75,26.00
20251225_185126,nex-agi/deepseek-v3.1-nex-n1:free,5,5,71.20,71.95,1.62,1.74,24.00,24.75
20251225_185126,nex-agi/deepseek-v3.1-nex-n1:free,5,6,103.70,122.75,1.62,1.76,22.75,22.00
20251225_185126,nex-agi/deepseek-v3.1-nex-n1:free,5,7,119.80,138.55,1.62,1.69,24.50,24.75
20251225_185126,nex-agi/deepseek-v3.1-nex-n1:free,5,8,156.90,188.85,1.62,1.73,22.25,21.00
20251225_185126,nex-agi/deepseek-v3.1-nex-n1:free,5,9,184.75,244.40,1.62,1.76,21.00,19.50
20251225_185126,nex-agi/deepseek-v3.1-nex-n1:free,5,10,208.40,247.55,1.62,1.81,22.00,25.25
20251225_185126,nex-agi/deepseek-v3.1-nex-n1:free,5,11,256.20,303.40,1.62,1.81,20.75,21.00
20251225_185126,nex-agi/deepseek-v3.1-nex-n1:free,5,12,277.55,340.10,1.62,1.82,22.75,22.00
20251225_185126,nex-agi/deepseek-v3.1-nex-n1:free,5,13,330.50,388.25,1.62,1.82,19.75,21.25
20251225_185126,nex-agi/deepseek-v3.1-nex-n1:free,5,14,357.35,435.85,1.62,1.85,20.25,21.75
20251225_185126,nex-agi/deepseek-v3.1-nex-n1:free,5,15,376.20,475.15,1.62,1.85,23.25,22.25
20251225_185126,nex-agi/deepseek-v3.1-nex-n1:free,5,16,404.55,489.70,1.62,1.89,22.00,25.00
20251225_185126,nex-agi/deepseek-v3.1-nex-n1:free,5,17,440.90,564.20,1.62,1.96,20.75,18.75
20251225_185126,nex-agi/deepseek-v3.1-nex-n1:free,5,18,443.35,598.90,1.62,1.96,24.75,22.75
20251225_185126,nex-agi/deepseek-v3.1-nex-n1:free,5,19,479.55,668.45,1.62,2.01,23.25,21.25
20251225_185126,nex-agi/deepseek-v3.1-nex-n1:free,5,20,513.50,721.75,1.62,2.08,21.25,21.75
20251225_185126,nex-agi/deepseek-v3.1-nex-n1:free,5,21,564.65,777.00,1.62,2.08,19.25,22.50
20251225_185126,nex-agi/deepseek-v3.1-nex-n1:free,5,22,580.45,835.15,1.62,2.10,23.50,22.75
20251225_185126,nex-agi/deepseek-v3.1-nex-n1:free,5,23,616.40,892.95,1.62,2.12,22.00,21.75
20251225_185126,nex-agi/deepseek-v3.1-nex-n1:free,5,24,643.50,967.70,1.62,2.17,22.00,20.50
20251225_185126,nex-agi/deepseek-v3.1-nex-n1:free,5,25,667.60,1016.30,1.62,2.20,22.25,22.75
20251225_185126,nex-agi/deepseek-v3.1-nex-n1:free,5,26,694.35,1075.75,1.62,2.20,23.00,22.50
20251225_185126,nex-agi/deepseek-v3.1-nex-n1:free,5,27,710.90,1138.75,1.62,2.26,23.75,22.00
20251225_185126,nex-agi/deepseek-v3.1-nex-n1:free,5,28,725.45,1192.45,1.62,2.44,24.25,23.50
20251225_185126,nex-agi/deepseek-v3.1-nex-n1:free,5,29,769.95,1270.55,1.62,2.41,21.50,21.75
20251225_185126,nex-agi/deepseek-v3.1-nex-n1:free,5,30,800.70,1337.40,1.62,2.41,21.50,23.75
20251225_185126,nex-agi/deepseek-v3.1-nex-n1:free,5,31,834.10,1408.45,1.62,2.46,21.00,23.00
20251225_185126,nex-agi/deepseek-v3.1-nex-n1:free,5,32,874.90,1501.10,1.62,2.58,19.75,22.00
20251225_185126,nex-agi/deepseek-v3.1-nex-n1:free,5,33,910.40,1552.00,1.62,2.58,20.00,25.00
20251225_185126,nex-agi/deepseek-v3.1-nex-n1:free,5,34,950.95,1662.95,1.62,2.58,21.00,19.50
20251225_185126,nex-agi/deepseek-v3.1-nex-n1:free,5,35,955.50,1754.00,1.62,2.70,23.75,22.50
20251225_185126,nex-agi/deepseek-v3.1-nex-n1:free,5,36,982.40,1831.70,1.62,2.70,23.50,21.75
20251225_185126,nex-agi/deepseek-v3.1-nex-n1:free,5,37,1012.10,1889.30,1.62,2.70,23.50,26.00
20251225_185126,nex-agi/deepseek-v3.1-nex-n1:free,5,38,1065.70,1979.45,1.62,2.76,18.75,23.00
20251225_185126,nex-agi/deepseek-v3.1-nex-n1:free,5,39,1089.45,2085.25,1.62,2.76,21.00,21.00
20251225_185126,nex-agi/deepseek-v3.1-nex-n1:free,5,40,1120.30,2151.00,1.62,2.90,21.50,24.00
20251225_185126,nex-agi/deepseek-v3.1-nex-n1:free,5,41,1160.95,2233.90,1.62,2.86,19.75,24.25
20251225_185126,nex-agi/deepseek-v3.1-nex-n1:free,5,42,1186.30,2353.25,1.62,2.67,23.25,20.00
20251225_185126,nex-agi/deepseek-v3.1-nex-n1:free,5,43,1221.05,2433.45,1.62,2.67,21.25,22.00
20251225_185126,nex-agi/deepseek-v3.1-nex-n1:free,5,44,1237.55,2507.15,1.62,2.42,23.50,21.50
20251225_185126,nex-agi/deepseek-v3.1-nex-n1:free,5,45,1275.75,2572.15,1.62,2.48,21.00,22.75
20251225_185126,nex-agi/deepseek-v3.1-nex-n1:free,5,46,1295.50,2644.25,1.62,2.44,23.75,22.25
20251225_185126,nex-agi/deepseek-v3.1-nex-n1:free,5,47,1320.55,2735.75,1.62,2.62,23.25,22.00
20251225_185126,nex-agi/deepseek-v3.1-nex-n1:free,5,48,1340.85,2780.10,1.62,2.15,23.75,23.75
20251225_185126,nex-agi/deepseek-v3.1-nex-n1:free,5,49,1388.15,2835.80,1.62,2.20,20.75,24.00
20251225_185126,nex-agi/deepseek-v3.1-nex-n1:free,5,50,1405.55,2893.40,1.62,2.39,22.75,24.00
20251225_185126,nex-agi/deepseek-v3.1-nex-n1:free,5,51,1422.45,2966.70,1.62,2.39,24.50,23.00
20251225_185126,nex-agi/deepseek-v3.1-nex-n1:free,5,52,1452.30,3013.05,1.62,2.45,24.00,24.75
